modis_date,calendar_date,band,value_center,value_min,value_max,value_sum,value_range,value_mean,value_variance,value_stddev,pixels_total,pixels_pass,pixels_pass_rel,proc_date
A2000049,2000-02-18,250m_16_days_NDVI,0.5208,0.1818,0.9176,583.721,0.7358,0.5785,0.018,0.1342,1089,1009,92.65,2015136104714
A2000065,2000-03-05,250m_16_days_NDVI,0.4918,0.1212,0.9032,518.3952,0.782,0.5556,0.0192,0.1386,1089,933,85.67,2015136023003
A2000081,2000-03-21,250m_16_days_NDVI,0.4517,0.1253,0.8905,611.3099,0.7652,0.5655,0.0211,0.1451,1089,1081,99.27,2015136040319
A2000097,2000-04-06,250m_16_days_NDVI,0.4842,0.1662,0.8452,624.8373,0.679,0.5738,0.0227,0.1506,1089,1089,100,2015136040607
A2000113,2000-04-22,250m_16_days_NDVI,0.4945,0.2004,0.9248,635.6945,0.7244,0.5881,0.0213,0.1461,1089,1081,99.27,2015137040224
A2000129,2000-05-08,250m_16_days_NDVI,0.4968,0.2367,0.9655,650.5809,0.7288,0.6018,0.0172,0.1311,1089,1081,99.27,2015137051757
A2000145,2000-05-24,250m_16_days_NDVI,0.6312,0.2361,0.8275,547.5159,0.5914,0.5945,0.0178,0.1336,1089,921,84.57,2015137100904
A2000161,2000-06-09,250m_16_days_NDVI,0.5538,0.2041,0.906,648.7756,0.7019,0.5979,0.019,0.1379,1089,1085,99.63,2015137044439
A2000177,2000-06-25,250m_16_days_NDVI,0.4623,0.1898,0.895,589.3497,0.7052,0.5661,0.0191,0.1381,1089,1041,95.59,2015138072930
A2000193,2000-07-11,250m_16_days_NDVI,0.5748,0.2225,0.9,622.5328,0.6775,0.5727,0.017,0.1306,1089,1087,99.82,2015138075210
A2000209,2000-07-27,250m_16_days_NDVI,0.4809,0.1535,0.8981,500.4739,0.7446,0.5364,0.0188,0.137,1089,933,85.67,2015138075424
A2000225,2000-08-12,250m_16_days_NDVI,0.4759,0.201,0.9189,602.4169,0.7179,0.5656,0.0179,0.134,1089,1065,97.8,2015138073827
A2000241,2000-08-28,250m_16_days_NDVI,0.4677,0.1793,0.9345,567.3981,0.7552,0.5451,0.0186,0.1364,1089,1041,95.59,2015138080642
A2000257,2000-09-13,250m_16_days_NDVI,0.4591,0.1237,0.8522,468.2395,0.7285,0.4976,0.0161,0.1269,1089,941,86.41,2015139074751
A2000273,2000-09-29,250m_16_days_NDVI,0.4369,0.1418,0.9929,495.4026,0.8511,0.491,0.0181,0.1346,1089,1009,92.65,2015139075145
A2000289,2000-10-15,250m_16_days_NDVI,0.4122,0.1533,0.824,560.9103,0.6707,0.5151,0.0178,0.1335,1089,1089,100,2015139084039
A2000305,2000-10-31,250m_16_days_NDVI,0.39,0.1476,0.8177,492.4955,0.6701,0.4642,0.0183,0.1353,1089,1061,97.43,2015139075146
A2000321,2000-11-16,250m_16_days_NDVI,F,0.0603,0.8433,104.5476,0.783,0.4182,0.0188,0.137,1089,250,22.96,2015139221836
A2000337,2000-12-02,250m_16_days_NDVI,0.379,0.1097,0.9356,325.9199,0.8259,0.4428,0.0156,0.1248,1089,736,67.58,2015140091629
A2000353,2000-12-18,250m_16_days_NDVI,0.4771,0.1893,0.8646,496.3602,0.6753,0.5219,0.0183,0.1354,1089,951,87.33,2017285144106
A2001001,2001-01-01,250m_16_days_NDVI,0.4487,0.105,0.8465,354.1082,0.7415,0.5238,0.0146,0.1207,1089,676,62.08,2015140082022
A2001017,2001-01-17,250m_16_days_NDVI,0.4353,0.2265,0.8707,603.2033,0.6442,0.5539,0.0284,0.1685,1089,1089,100,2015140092159
A2001033,2001-02-02,250m_16_days_NDVI,0.3973,0.0919,0.945,356.3854,0.8531,0.5084,0.0226,0.1502,1089,701,64.37,2015141152427
A2001049,2001-02-18,250m_16_days_NDVI,F,0.0881,0.8848,303.8243,0.7967,0.5229,0.0203,0.1426,1089,581,53.35,2015142165816
A2001065,2001-03-06,250m_16_days_NDVI,0.4943,0.193,0.9133,599.5574,0.7203,0.5919,0.0198,0.1407,1089,1013,93.02,2015142182923
A2001081,2001-03-22,250m_16_days_NDVI,0.4856,0.1852,0.8961,466.0029,0.7109,0.5425,0.0176,0.1327,1089,859,78.88,2015142190414
A2001097,2001-04-07,250m_16_days_NDVI,0.498,0.2482,0.8652,657.6217,0.617,0.6039,0.0185,0.1359,1089,1089,100,2015142195400
A2001113,2001-04-23,250m_16_days_NDVI,0.5222,0.1815,0.8767,656.8253,0.6952,0.6031,0.0204,0.1427,1089,1089,100,2015142203722
A2001129,2001-05-09,250m_16_days_NDVI,0.6694,0.1911,0.85,669.4985,0.6589,0.6148,0.0177,0.133,1089,1089,100,2015142064537
A2001145,2001-05-25,250m_16_days_NDVI,0.5645,0.2278,0.8712,671.5764,0.6434,0.6195,0.0213,0.1459,1089,1084,99.54,2015143095055
A2001161,2001-06-10,250m_16_days_NDVI,0.5187,0.1905,0.9907,529.6483,0.8002,0.6005,0.0148,0.1216,1089,882,80.99,2015143072522
A2001177,2001-06-26,250m_16_days_NDVI,0.4696,0.1879,0.9338,611.835,0.7459,0.5697,0.02,0.1416,1089,1074,98.62,2015143093653
A2001193,2001-07-12,250m_16_days_NDVI,0.4022,0.213,0.9555,616.6411,0.7425,0.5662,0.0167,0.1292,1089,1089,100,2015143124620
A2001209,2001-07-28,250m_16_days_NDVI,0.4131,0.176,0.9903,478.1689,0.8143,0.5012,0.0173,0.1314,1089,954,87.6,2015143163844
A2001225,2001-08-13,250m_16_days_NDVI,0.4269,0.1451,0.8388,564.4696,0.6937,0.5183,0.0209,0.1446,1089,1089,100,2015144060258
A2001241,2001-08-29,250m_16_days_NDVI,0.4477,0.1685,0.7957,540.2738,0.6272,0.4961,0.0165,0.1285,1089,1089,100,2015144062701
A2001257,2001-09-14,250m_16_days_NDVI,0.3764,0.1484,0.7741,518.1481,0.6257,0.4758,0.0167,0.1291,1089,1089,100,2015144062717
A2001273,2001-09-30,250m_16_days_NDVI,0.3715,0.1365,0.7778,425.3608,0.6413,0.4482,0.0153,0.1236,1089,949,87.14,2015144063056
A2001289,2001-10-16,250m_16_days_NDVI,0.3425,0.1639,0.7302,487.0197,0.5663,0.4514,0.0148,0.1215,1089,1079,99.08,2015146030321
A2001305,2001-11-01,250m_16_days_NDVI,F,0.0969,0.8103,379.5103,0.7134,0.4408,0.012,0.1097,1089,861,79.06,2015146023413
A2001321,2001-11-17,250m_16_days_NDVI,0.3867,0.164,0.9115,395.2413,0.7475,0.4367,0.0138,0.1175,1089,905,83.1,2015146035931
A2001337,2001-12-03,250m_16_days_NDVI,F,0.107,0.7485,234.0081,0.6415,0.4374,0.0133,0.1155,1089,535,49.13,2015146031430
A2001353,2001-12-19,250m_16_days_NDVI,F,0.1663,0.9899,197.6584,0.8236,0.4729,0.024,0.155,1089,418,38.38,2015146084205
A2002001,2002-01-01,250m_16_days_NDVI,F,0.1112,0.9669,347.1102,0.8557,0.5188,0.0225,0.1498,1089,669,61.43,2015146145526
A2002017,2002-01-17,250m_16_days_NDVI,0.3498,0.1234,0.8547,517.6428,0.7313,0.4753,0.0231,0.152,1089,1089,100,2015146121503
A2002033,2002-02-02,250m_16_days_NDVI,0.3495,0.1364,0.7249,491.5562,0.5885,0.4564,0.0147,0.1213,1089,1077,98.9,2015146145421
A2002049,2002-02-18,250m_16_days_NDVI,0.3805,0.1427,0.8028,550.0876,0.6601,0.507,0.0157,0.1251,1089,1085,99.63,2015146124949
A2002065,2002-03-06,250m_16_days_NDVI,0.4165,0.178,0.9221,596.7908,0.7441,0.548,0.0161,0.1269,1089,1089,100,2015147121522
A2002081,2002-03-22,250m_16_days_NDVI,0.4295,0.1912,0.8106,603.1269,0.6194,0.5538,0.0162,0.1274,1089,1089,100,2015147124710
A2002097,2002-04-07,250m_16_days_NDVI,0.4864,0.1665,0.9682,647.1248,0.8017,0.5986,0.0214,0.1463,1089,1081,99.27,2015147211740
A2002113,2002-04-23,250m_16_days_NDVI,0.527,0.1904,0.8789,643.7449,0.6885,0.6011,0.021,0.1448,1089,1071,98.35,2015147214352
A2002129,2002-05-09,250m_16_days_NDVI,0.5332,0.2003,0.942,681.8149,0.7417,0.6261,0.0209,0.1447,1089,1089,100,2015147232423
A2002145,2002-05-25,250m_16_days_NDVI,0.6666,0.2765,0.9507,713.2729,0.6742,0.6623,0.013,0.1142,1089,1077,98.9,2015148102612
A2002161,2002-06-10,250m_16_days_NDVI,0.6337,0.2648,0.9739,707.3214,0.7091,0.6525,0.0173,0.1317,1089,1084,99.54,2015148093800
A2002177,2002-06-26,250m_16_days_NDVI,0.4864,0.0693,0.8757,662.1767,0.8064,0.6229,0.0204,0.1429,1089,1063,97.61,2015149001529
A2002193,2002-07-12,250m_16_days_NDVI,0.5557,0.1938,0.9064,680.8129,0.7126,0.6252,0.0208,0.1443,1089,1089,100,2015149024638
A2002209,2002-07-28,250m_16_days_NDVI,0.4809,0.2072,0.92,607.5683,0.7128,0.5882,0.0206,0.1434,1089,1033,94.86,2015149181809
A2002225,2002-08-13,250m_16_days_NDVI,0.5273,0.1823,0.9417,627.4227,0.7594,0.5836,0.0179,0.1337,1089,1075,98.71,2015150025404
A2002241,2002-08-29,250m_16_days_NDVI,0.5027,0.1448,0.9812,548.0184,0.8364,0.5453,0.0225,0.1499,1089,1005,92.29,2015150202714
A2002257,2002-09-14,250m_16_days_NDVI,0.4391,0.1751,0.9265,452.8538,0.7514,0.4982,0.0146,0.121,1089,909,83.47,2015151081400
A2002273,2002-09-30,250m_16_days_NDVI,0.4132,0.149,0.7892,505.6535,0.6402,0.5092,0.0159,0.1262,1089,993,91.18,2015151081354
A2002289,2002-10-16,250m_16_days_NDVI,0.3936,0.1357,0.8004,449.1117,0.6647,0.4732,0.015,0.1223,1089,949,87.14,2015152040421
A2002305,2002-11-01,250m_16_days_NDVI,0.4128,0.1221,0.7803,542.6761,0.6582,0.4983,0.0178,0.1333,1089,1089,100,2015152042048
A2002321,2002-11-17,250m_16_days_NDVI,0.5168,0.1757,0.9051,568.6653,0.7294,0.5658,0.021,0.145,1089,1005,92.29,2015152181141
A2002337,2002-12-03,250m_16_days_NDVI,0.4551,0.1411,0.952,457.4966,0.8109,0.5193,0.0175,0.1323,1089,881,80.9,2015153053049
A2002353,2002-12-19,250m_16_days_NDVI,0.4076,0.117,0.8895,410.5558,0.7725,0.5438,0.0174,0.1319,1089,755,69.33,2015153021043
A2003001,2003-01-01,250m_16_days_NDVI,0.4442,0.0926,0.9369,407.2984,0.8443,0.5195,0.0199,0.1412,1089,784,71.99,2015153201023
A2003017,2003-01-17,250m_16_days_NDVI,0.312,0.1646,0.8224,369.8421,0.6578,0.5707,0.0145,0.1203,1089,648,59.5,2015154060424
A2003033,2003-02-02,250m_16_days_NDVI,0.4864,0.2297,0.821,614.6702,0.5913,0.5916,0.0153,0.1238,1089,1039,95.41,2015156053023
A2003049,2003-02-18,250m_16_days_NDVI,0.1611,0.0743,0.9584,285.4478,0.8841,0.579,0.0223,0.1494,1089,493,45.27,2015156082943
A2003065,2003-03-06,250m_16_days_NDVI,0.4753,0.0565,0.9566,363.1259,0.9001,0.5737,0.022,0.1484,1089,633,58.13,2015156190654
A2003081,2003-03-22,250m_16_days_NDVI,0.5445,0.1921,0.9688,511.6105,0.7767,0.5901,0.0164,0.1282,1089,867,79.61,2015156190543
A2003097,2003-04-07,250m_16_days_NDVI,0.5768,0.2405,0.9681,708.4912,0.7276,0.6542,0.0145,0.1205,1089,1083,99.45,2015158152034
A2003113,2003-04-23,250m_16_days_NDVI,0.6121,0.2295,0.9882,738.4917,0.7587,0.6819,0.0193,0.139,1089,1083,99.45,2015158153308
A2003129,2003-05-09,250m_16_days_NDVI,0.5656,0.2184,0.9697,653.5081,0.7513,0.6542,0.0158,0.1258,1089,999,91.74,2015158153604
A2003145,2003-05-25,250m_16_days_NDVI,0.5417,0.207,0.8681,710.0134,0.6611,0.6544,0.0173,0.1314,1089,1085,99.63,2015158154415
A2003161,2003-06-10,250m_16_days_NDVI,0.5526,0.2251,0.99,689.9799,0.7649,0.6865,0.0135,0.1161,1089,1005,92.29,2015159142952
A2003177,2003-06-26,250m_16_days_NDVI,0.6001,0.2211,0.8909,705.5148,0.6698,0.6479,0.0177,0.133,1089,1089,100,2015161125850
A2003193,2003-07-12,250m_16_days_NDVI,0.5214,0.2208,0.8775,669.0934,0.6567,0.6144,0.0181,0.1345,1089,1089,100,2015153110414
A2003209,2003-07-28,250m_16_days_NDVI,0.5007,0.2159,0.8534,653.2442,0.6375,0.6021,0.0176,0.1325,1089,1085,99.63,2015153105830
A2003225,2003-08-13,250m_16_days_NDVI,0.4647,0.1835,0.8543,638.3343,0.6708,0.5911,0.0166,0.1289,1089,1080,99.17,2015153114208
A2003241,2003-08-29,250m_16_days_NDVI,0.4753,0.1717,0.8778,610.0289,0.7061,0.5602,0.0183,0.1354,1089,1089,100,2015153114038
A2003257,2003-09-14,250m_16_days_NDVI,0.4948,0.1318,0.8843,305.8277,0.7525,0.5442,0.0206,0.1436,1089,562,51.61,2015153114223
A2003273,2003-09-30,250m_16_days_NDVI,0.4434,0.1284,0.9502,608.3351,0.8218,0.5586,0.0185,0.1361,1089,1089,100,2015153115929
A2003289,2003-10-16,250m_16_days_NDVI,0.4515,0.0828,0.9313,451.6646,0.8485,0.5081,0.0175,0.1321,1089,889,81.63,2015153122207
A2003305,2003-11-01,250m_16_days_NDVI,0.4005,0.076,0.9188,547.3594,0.8428,0.5382,0.0222,0.1489,1089,1017,93.39,2015153124520
A2003321,2003-11-17,250m_16_days_NDVI,0.4346,0.1042,0.9014,452.9456,0.7972,0.5224,0.016,0.1265,1089,867,79.61,2015153130159
A2003337,2003-12-03,250m_16_days_NDVI,0.3804,0.1178,0.868,295.0756,0.7502,0.4837,0.0206,0.1434,1089,610,56.01,2015153125911
A2003353,2003-12-19,250m_16_days_NDVI,F,0.0613,0.9962,177.4512,0.9349,0.5144,0.0344,0.1855,1089,345,31.68,2017285165857
A2004001,2004-01-01,250m_16_days_NDVI,F,0.1073,0.9928,145.4339,0.8855,0.5771,0.0418,0.2046,1089,252,23.14,2015154120913
A2004017,2004-01-17,250m_16_days_NDVI,F,0.1202,0.9862,380.6856,0.866,0.5875,0.0187,0.1369,1089,648,59.5,2015154120834
A2004033,2004-02-02,250m_16_days_NDVI,F,0.0742,0.9645,514.1547,0.8903,0.6669,0.0263,0.1621,1089,771,70.8,2015154122737
A2004049,2004-02-18,250m_16_days_NDVI,0.4897,0.1532,0.9522,455.3033,0.799,0.58,0.0164,0.1282,1089,785,72.08,2015154124924
A2004065,2004-03-05,250m_16_days_NDVI,0.5051,0.1721,0.9157,447.0244,0.7436,0.6174,0.0257,0.1602,1089,724,66.48,2015154125003
A2004081,2004-03-21,250m_16_days_NDVI,0.5497,0.0831,0.952,665.8608,0.8689,0.6496,0.0198,0.1408,1089,1025,94.12,2015154124828
A2004097,2004-04-06,250m_16_days_NDVI,0.7082,0.2787,0.9501,617.2038,0.6714,0.6904,0.0157,0.1253,1089,894,82.09,2015154125008
A2004113,2004-04-22,250m_16_days_NDVI,0.4957,0.1748,0.9574,685.6482,0.7826,0.6487,0.0155,0.1245,1089,1057,97.06,2015154125705
A2004129,2004-05-08,250m_16_days_NDVI,0.5623,0.2074,0.9037,712.5584,0.6963,0.6567,0.0181,0.1346,1089,1085,99.63,2015154125843
A2004145,2004-05-24,250m_16_days_NDVI,0.5516,0.212,0.9047,704.9357,0.6927,0.6509,0.0184,0.1358,1089,1083,99.45,2015154130223
A2004161,2004-06-09,250m_16_days_NDVI,0.5493,0.2239,0.9298,704.1772,0.7059,0.6466,0.0181,0.1346,1089,1089,100,2015154131553
A2004177,2004-06-25,250m_16_days_NDVI,0.5137,0.2384,0.909,679.6483,0.6706,0.6258,0.0177,0.133,1089,1086,99.72,2015154132057
A2004193,2004-07-11,250m_16_days_NDVI,0.4161,0.2088,0.9624,656.9538,0.7536,0.6033,0.0162,0.1273,1089,1089,100,2015154132902
A2004209,2004-07-27,250m_16_days_NDVI,0.5274,0.2035,0.8765,645.8582,0.673,0.5931,0.0193,0.1389,1089,1089,100,2015154132637
A2004225,2004-08-12,250m_16_days_NDVI,0.4556,0.1963,0.8314,600.2418,0.6351,0.5744,0.0166,0.1289,1089,1045,95.96,2015154133447
A2004241,2004-08-28,250m_16_days_NDVI,0.461,0.169,0.9479,607.994,0.7789,0.5614,0.0194,0.1392,1089,1083,99.45,2015154134215
A2004257,2004-09-13,250m_16_days_NDVI,0.5431,0.1947,0.8001,530.6968,0.6054,0.5511,0.0147,0.1212,1089,963,88.43,2015154134726
A2004273,2004-09-29,250m_16_days_NDVI,0.4636,0.188,0.9429,585.7558,0.7549,0.5627,0.0183,0.1351,1089,1041,95.59,2015154135240
A2004289,2004-10-15,250m_16_days_NDVI,0.4435,0.1666,0.8217,562.3602,0.6551,0.527,0.0181,0.1345,1089,1067,97.98,2015154140314
A2004305,2004-10-31,250m_16_days_NDVI,0.4418,0.0588,0.8749,543.94,0.8161,0.559,0.0192,0.1384,1089,973,89.35,2015154141044
A2004321,2004-11-16,250m_16_days_NDVI,0.4298,0.162,0.863,482.8333,0.701,0.4983,0.0152,0.1232,1089,969,88.98,2015154141417
A2004337,2004-12-02,250m_16_days_NDVI,0.4657,0.1547,0.8855,611.275,0.7308,0.5697,0.0226,0.1502,1089,1073,98.53,2015154141916
A2004353,2004-12-18,250m_16_days_NDVI,F,0.1194,0.9091,476.7509,0.7897,0.6136,0.0188,0.1371,1089,777,71.35,2015154141949
A2005001,2005-01-01,250m_16_days_NDVI,0.5524,0.1388,0.9091,644.8558,0.7703,0.6279,0.0176,0.1328,1089,1027,94.31,2015157044500
A2005017,2005-01-17,250m_16_days_NDVI,0.482,0.1613,0.913,586.4497,0.7517,0.593,0.0172,0.1313,1089,989,90.82,2015157043841
A2005033,2005-02-02,250m_16_days_NDVI,F,0.0801,0.8736,262.8226,0.7935,0.5802,0.0182,0.1349,1089,453,41.6,2015157045457
A2005049,2005-02-18,250m_16_days_NDVI,0.6796,0.2543,0.9059,744.8557,0.6516,0.6994,0.0157,0.1253,1089,1065,97.8,2015157044652
A2005065,2005-03-06,250m_16_days_NDVI,0.6989,0.1617,0.9567,727.4125,0.795,0.683,0.0162,0.1273,1089,1065,97.8,2015157051139
A2005081,2005-03-22,250m_16_days_NDVI,0.5589,0.249,0.852,702.967,0.603,0.6455,0.014,0.1183,1089,1089,100,2015157050528
A2005097,2005-04-07,250m_16_days_NDVI,0.6031,0.2268,0.9425,711.377,0.7157,0.6611,0.019,0.138,1089,1076,98.81,2015157052716
A2005113,2005-04-23,250m_16_days_NDVI,0.6514,0.2378,0.9322,724.2062,0.6944,0.6706,0.0155,0.1245,1089,1080,99.17,2015157052313
A2005129,2005-05-09,250m_16_days_NDVI,0.5479,0.2224,0.9076,706.7783,0.6852,0.649,0.0177,0.1331,1089,1089,100,2015157051828
A2005145,2005-05-25,250m_16_days_NDVI,0.555,0.2428,0.9623,701.883,0.7195,0.6493,0.0161,0.1267,1089,1081,99.27,2015157052726
A2005161,2005-06-10,250m_16_days_NDVI,0.5621,0.2279,0.93,689.8954,0.7021,0.6353,0.0167,0.1292,1089,1086,99.72,2015157054517
A2005177,2005-06-26,250m_16_days_NDVI,0.5012,0.2136,0.9512,664.6599,0.7376,0.6103,0.0169,0.1299,1089,1089,100,2015157054337
A2005193,2005-07-12,250m_16_days_NDVI,0.5051,0.2224,0.9748,642.2443,0.7524,0.5898,0.0149,0.1222,1089,1089,100,2015157060132
A2005209,2005-07-28,250m_16_days_NDVI,0.4798,0.158,0.8951,570.8389,0.7371,0.5657,0.0165,0.1283,1089,1009,92.65,2015157055626
A2005225,2005-08-13,250m_16_days_NDVI,0.3491,0.2152,0.9224,620.0535,0.7072,0.5715,0.019,0.1379,1089,1085,99.63,2015157055622
A2005241,2005-08-29,250m_16_days_NDVI,0.4934,0.1824,0.9826,585.7708,0.8002,0.5521,0.016,0.1265,1089,1061,97.43,2015157060921
A2005257,2005-09-14,250m_16_days_NDVI,0.4092,0.1739,0.8082,551.4675,0.6343,0.512,0.0139,0.1178,1089,1077,98.9,2015157061516
A2005273,2005-09-30,250m_16_days_NDVI,0.5485,0.1639,0.9867,473.6936,0.8228,0.5547,0.0152,0.1233,1089,854,78.42,2015157062449
A2005289,2005-10-16,250m_16_days_NDVI,0.4845,0.1895,0.9704,558.898,0.7809,0.5348,0.0165,0.1283,1089,1045,95.96,2015157062105
A2005305,2005-11-01,250m_16_days_NDVI,0.382,0.1706,0.93,375.9277,0.7594,0.4705,0.0146,0.1209,1089,799,73.37,2015157061906
A2005321,2005-11-17,250m_16_days_NDVI,0.3657,0.102,0.9095,390.1347,0.8075,0.4428,0.0134,0.1159,1089,881,80.9,2015157062919
A2005337,2005-12-03,250m_16_days_NDVI,F,0.1404,0.9948,438.4374,0.8544,0.4834,0.0195,0.1396,1089,907,83.29,2015157063222
A2005353,2005-12-19,250m_16_days_NDVI,0.4165,0.1111,0.7956,441.0142,0.6845,0.4717,0.0132,0.1149,1089,935,85.86,2015157063549
A2006001,2006-01-01,250m_16_days_NDVI,0.3982,0.1268,0.836,179.8176,0.7092,0.5009,0.0172,0.1312,1089,359,32.97,2015161092508
A2006017,2006-01-17,250m_16_days_NDVI,0.5223,0.0261,0.9457,539.0504,0.9196,0.5911,0.0227,0.1507,1089,912,83.75,2015161112557
A2006033,2006-02-02,250m_16_days_NDVI,0.2229,0.1849,0.8217,448.6907,0.6368,0.5297,0.0157,0.1253,1089,847,77.78,2015161114019
A2006049,2006-02-18,250m_16_days_NDVI,F,0.1711,0.9826,381.9458,0.8115,0.5387,0.0145,0.1204,1089,709,65.11,2015161120526
A2006065,2006-03-06,250m_16_days_NDVI,0.5137,0.1953,0.9741,570.9224,0.7788,0.5773,0.0164,0.1281,1089,989,90.82,2015161122509
A2006081,2006-03-22,250m_16_days_NDVI,0.4946,0.1981,0.9377,577.9218,0.7396,0.5802,0.0172,0.1313,1089,996,91.46,2015161121306
A2006097,2006-04-07,250m_16_days_NDVI,0.5778,0.1632,0.9269,576.3801,0.7637,0.6224,0.0192,0.1387,1089,926,85.03,2015161151613
A2006113,2006-04-23,250m_16_days_NDVI,0.519,0.1964,0.9304,671.2141,0.734,0.6203,0.0175,0.1322,1089,1082,99.36,2015161153603
A2006129,2006-05-09,250m_16_days_NDVI,0.5986,0.2617,0.9169,715.3087,0.6552,0.6568,0.0161,0.127,1089,1089,100,2015161161940
A2006145,2006-05-25,250m_16_days_NDVI,0.54,0.2139,0.9106,686.3524,0.6967,0.6303,0.0185,0.136,1089,1089,100,2015161162450
A2006161,2006-06-10,250m_16_days_NDVI,0.5533,0.191,0.9827,680.4951,0.7917,0.6272,0.0177,0.133,1089,1085,99.63,2015161174547
A2006177,2006-06-26,250m_16_days_NDVI,0.5342,0.2254,0.8405,655.1686,0.6151,0.6117,0.0161,0.1267,1089,1071,98.35,2015161174737
A2006193,2006-07-12,250m_16_days_NDVI,0.4994,0.2122,0.9008,662.787,0.6886,0.6086,0.0178,0.1333,1089,1089,100,2015161175157
A2006209,2006-07-28,250m_16_days_NDVI,0.5292,0.2228,0.8537,652.0811,0.6309,0.5988,0.0182,0.1348,1089,1089,100,2015161191738
A2006225,2006-08-13,250m_16_days_NDVI,0.4619,0.2169,0.9354,611.9614,0.7185,0.5619,0.0182,0.135,1089,1089,100,2015161193210
A2006241,2006-08-29,250m_16_days_NDVI,0.4621,0.1587,0.8222,591.6535,0.6635,0.5433,0.0177,0.1329,1089,1089,100,2015161195225
A2006257,2006-09-14,250m_16_days_NDVI,0.452,0.1619,0.9722,581.8768,0.8103,0.5433,0.0184,0.1358,1089,1071,98.35,2015161200551
A2006273,2006-09-30,250m_16_days_NDVI,0.432,0.17,0.8581,532.0064,0.6881,0.5052,0.0165,0.1284,1089,1053,96.69,2015161203245
A2006289,2006-10-16,250m_16_days_NDVI,0.4287,0.1707,0.993,469.9762,0.8223,0.4952,0.0174,0.1319,1089,949,87.14,2015161205059
A2006305,2006-11-01,250m_16_days_NDVI,0.4029,0.1358,0.8589,339.3767,0.7231,0.4285,0.0117,0.1083,1089,792,72.73,2015161205610
A2006321,2006-11-17,250m_16_days_NDVI,0.4612,0.0755,0.9625,486.7747,0.887,0.5195,0.018,0.1342,1089,937,86.04,2015161212446
A2006337,2006-12-03,250m_16_days_NDVI,0.5169,0.1765,0.9181,529.7785,0.7416,0.5456,0.0212,0.1455,1089,971,89.16,2015161214305
A2006353,2006-12-19,250m_16_days_NDVI,0.1198,0.0448,0.928,266.4031,0.8832,0.5104,0.0282,0.1678,1089,522,47.93,2015161215745
A2007001,2007-01-01,250m_16_days_NDVI,F,0.0856,0.8385,139.6085,0.7529,0.5518,0.0186,0.1365,1089,253,23.23,2015160165418
A2007017,2007-01-17,250m_16_days_NDVI,0.445,0.2042,0.8618,614.8143,0.6576,0.5719,0.0169,0.1302,1089,1075,98.71,2015161220556
A2007033,2007-02-02,250m_16_days_NDVI,0.4693,0.1763,0.8265,603.3515,0.6502,0.5785,0.0172,0.131,1089,1043,95.78,2015161222314
A2007049,2007-02-18,250m_16_days_NDVI,0.6077,0.1244,0.8884,507.8654,0.764,0.5804,0.0174,0.1318,1089,875,80.35,2015161224633
A2007065,2007-03-06,250m_16_days_NDVI,0.4465,0.1866,0.9226,619.9736,0.736,0.5693,0.016,0.1266,1089,1089,100,2015161224732
A2007081,2007-03-22,250m_16_days_NDVI,0.4775,0.2031,0.9429,469.968,0.7398,0.5484,0.0135,0.116,1089,857,78.7,2015161230505
A2007097,2007-04-07,250m_16_days_NDVI,0.4949,0.0333,0.977,552.5539,0.9437,0.6032,0.0208,0.1442,1089,916,84.11,2015161232137
A2007113,2007-04-23,250m_16_days_NDVI,0.4879,0.2168,0.942,658.3065,0.7252,0.6045,0.0185,0.1359,1089,1089,100,2015161233752
A2007129,2007-05-09,250m_16_days_NDVI,0.5312,0.1979,0.8528,665.6139,0.6549,0.6112,0.0176,0.1326,1089,1089,100,2015161235021
A2007145,2007-05-25,250m_16_days_NDVI,F,0.1967,0.9755,502.0965,0.7788,0.6093,0.0226,0.1503,1089,824,75.67,2015161235631
A2007161,2007-06-10,250m_16_days_NDVI,0.5777,0.251,0.9272,667.8135,0.6762,0.6149,0.016,0.1264,1089,1086,99.72,2015162000758
A2007177,2007-06-26,250m_16_days_NDVI,0.4755,0.1994,0.8735,653.9475,0.6741,0.6095,0.0202,0.142,1089,1073,98.53,2015162001908
A2007193,2007-07-12,250m_16_days_NDVI,0.4963,0.2607,0.9694,656.2532,0.7087,0.6032,0.0197,0.1405,1089,1088,99.91,2015162002709
A2007209,2007-07-28,250m_16_days_NDVI,0.519,0.251,0.9812,658.2966,0.7302,0.6056,0.0174,0.1321,1089,1087,99.82,2015164011803
A2007225,2007-08-13,250m_16_days_NDVI,0.4848,0.1832,0.887,620.2165,0.7038,0.5737,0.0213,0.1458,1089,1081,99.27,2015164160953
A2007241,2007-08-29,250m_16_days_NDVI,0.445,0.2062,0.8436,574.4415,0.6374,0.5583,0.017,0.1303,1089,1029,94.49,2015164183813
A2007257,2007-09-14,250m_16_days_NDVI,0.5024,0.1922,0.8786,608.6359,0.6864,0.5589,0.0173,0.1317,1089,1089,100,2015167042305
A2007273,2007-09-30,250m_16_days_NDVI,0.4402,0.156,0.9426,499.6246,0.7866,0.5093,0.0193,0.1388,1089,981,90.08,2015167050118
A2007289,2007-10-16,250m_16_days_NDVI,0.4549,0.1696,0.9752,504.5164,0.8056,0.5071,0.0163,0.1278,1089,995,91.37,2015167192731
A2007305,2007-11-01,250m_16_days_NDVI,0.4414,0.149,0.9032,575.8393,0.7542,0.5427,0.0219,0.1481,1089,1061,97.43,2015168083856
A2007321,2007-11-17,250m_16_days_NDVI,0.423,0.1548,0.9234,528.4158,0.7686,0.5037,0.0188,0.1372,1089,1049,96.33,2015168094701
A2007337,2007-12-03,250m_16_days_NDVI,0.397,0.1077,0.9944,252.737,0.8867,0.457,0.0193,0.1388,1089,553,50.78,2015169030119
A2007353,2007-12-19,250m_16_days_NDVI,0.4363,0.1615,0.7919,515.6472,0.6304,0.5151,0.0156,0.1251,1089,1001,91.92,2017285170145
A2008001,2008-01-01,250m_16_days_NDVI,0.4363,0.1615,0.9634,545.4509,0.8019,0.5724,0.0247,0.1572,1089,953,87.51,2015169101116
A2008017,2008-01-17,250m_16_days_NDVI,0.4518,0.1769,0.8502,408.4104,0.6733,0.5243,0.0155,0.1245,1089,779,71.53,2015170042451
A2008033,2008-02-02,250m_16_days_NDVI,F,0.1065,0.9914,180.1585,0.8849,0.5756,0.0223,0.1493,1089,313,28.74,2015170042709
A2008049,2008-02-18,250m_16_days_NDVI,0.4845,0.2026,0.8332,656.7955,0.6306,0.6031,0.0175,0.1323,1089,1089,100,2015172130955
A2008065,2008-03-05,250m_16_days_NDVI,0.5182,0.1563,0.9797,554.2481,0.8234,0.6018,0.0213,0.1459,1089,921,84.57,2015172181022
A2008081,2008-03-21,250m_16_days_NDVI,0.5232,0.1936,0.9676,669.9413,0.774,0.6285,0.0191,0.1382,1089,1066,97.89,2015173013358
A2008097,2008-04-06,250m_16_days_NDVI,0.4641,0.1951,0.9307,666.5703,0.7356,0.6354,0.0209,0.1446,1089,1049,96.33,2015173053741
A2008113,2008-04-22,250m_16_days_NDVI,0.5737,0.2209,0.8959,713.2532,0.675,0.655,0.0209,0.1444,1089,1089,100,2015173161443
A2008129,2008-05-08,250m_16_days_NDVI,0.5718,0.2035,0.8853,706.8942,0.6818,0.6491,0.0173,0.1314,1089,1089,100,2015175090844
A2008145,2008-05-24,250m_16_days_NDVI,0.5267,0.2289,0.9004,698.9217,0.6715,0.643,0.0184,0.1357,1089,1087,99.82,2015175110817
A2008161,2008-06-09,250m_16_days_NDVI,0.5539,0.1113,0.931,682.6568,0.8197,0.6422,0.0157,0.1253,1089,1063,97.61,2015176071712
A2008177,2008-06-25,250m_16_days_NDVI,0.4355,0.1962,0.9789,673,0.7827,0.6197,0.0194,0.1392,1089,1086,99.72,2015176070841
A2008193,2008-07-11,250m_16_days_NDVI,0.5075,0.1852,0.8477,659.6616,0.6625,0.6057,0.0195,0.1397,1089,1089,100,2015177041945
A2008209,2008-07-27,250m_16_days_NDVI,0.4937,0.1809,0.9016,639.1288,0.7207,0.5869,0.018,0.1343,1089,1089,100,2015177050817
A2008225,2008-08-12,250m_16_days_NDVI,0.3111,0.1805,0.8984,615.1149,0.7179,0.5648,0.0184,0.1355,1089,1089,100,2015178163536
A2008241,2008-08-28,250m_16_days_NDVI,0.4666,0.1873,0.8533,612.1814,0.666,0.5632,0.0202,0.1422,1089,1087,99.82,2015179220507
A2008257,2008-09-13,250m_16_days_NDVI,0.5463,0.1588,0.9273,569.8838,0.7685,0.5648,0.0199,0.1412,1089,1009,92.65,2015179222940
A2008273,2008-09-29,250m_16_days_NDVI,0.4799,0.1605,0.9722,510.853,0.8117,0.5429,0.0173,0.1316,1089,941,86.41,2015180221348
A2008289,2008-10-15,250m_16_days_NDVI,0.4729,0.1619,0.9087,549.303,0.7468,0.5455,0.0183,0.1353,1089,1007,92.47,2015180222345
A2008305,2008-10-31,250m_16_days_NDVI,0.5285,0.1606,0.8557,519.3884,0.6951,0.5048,0.0149,0.1221,1089,1029,94.49,2015181141835
A2008321,2008-11-16,250m_16_days_NDVI,0.3942,0.1501,0.911,406.9083,0.7609,0.4827,0.0138,0.1173,1089,843,77.41,2015181145947
A2008337,2008-12-02,250m_16_days_NDVI,0.6591,0.1942,0.8541,682.278,0.6599,0.6265,0.0197,0.1403,1089,1089,100,2015184002933
A2008353,2008-12-18,250m_16_days_NDVI,F,0.1037,0.9441,300.2526,0.8404,0.5352,0.0165,0.1284,1089,561,51.52,2015186055707
A2009001,2009-01-01,250m_16_days_NDVI,0.4841,0.2192,0.8988,520.6124,0.6796,0.5715,0.013,0.1139,1089,911,83.65,2015186060550
A2009017,2009-01-17,250m_16_days_NDVI,F,0.1349,0.9661,264.1989,0.8312,0.547,0.0234,0.1529,1089,483,44.35,2015186062412
A2009033,2009-02-02,250m_16_days_NDVI,0.5115,0.2169,0.924,627.3981,0.7071,0.6004,0.0174,0.132,1089,1045,95.96,2015187064357
A2009049,2009-02-18,250m_16_days_NDVI,0.4659,0.1198,0.9986,534.5915,0.8788,0.5748,0.0201,0.1418,1089,930,85.4,2015187062017
A2009065,2009-03-06,250m_16_days_NDVI,0.5389,0.221,0.9298,652.3168,0.7088,0.642,0.0169,0.1302,1089,1016,93.3,2015188084501
A2009081,2009-03-22,250m_16_days_NDVI,0.5444,0.2079,0.891,687.5803,0.6831,0.6314,0.0194,0.1394,1089,1089,100,2015188084422
A2009097,2009-04-07,250m_16_days_NDVI,0.5688,0.2215,0.9634,723.0855,0.7419,0.6671,0.0182,0.135,1089,1084,99.54,2015189153009
A2009113,2009-04-23,250m_16_days_NDVI,0.5571,0.2247,0.9333,712.9347,0.7086,0.6571,0.0204,0.1427,1089,1085,99.63,2015189135556
A2009129,2009-05-09,250m_16_days_NDVI,0.5751,0.2172,0.9768,710.3903,0.7596,0.6541,0.0191,0.1383,1089,1086,99.72,2015189212210
A2009145,2009-05-25,250m_16_days_NDVI,0.5645,0.2352,0.8938,711.122,0.6586,0.6542,0.0183,0.1352,1089,1087,99.82,2015190115439
A2009161,2009-06-10,250m_16_days_NDVI,0.5358,0.2306,0.9139,711.7615,0.6833,0.6536,0.0171,0.1309,1089,1089,100,2015190221747
A2009177,2009-06-26,250m_16_days_NDVI,0.5846,0.2633,0.9695,710.877,0.7062,0.6601,0.0164,0.1282,1089,1077,98.9,2015191092653
A2009193,2009-07-12,250m_16_days_NDVI,0.4998,0.2091,0.9694,667.9297,0.7603,0.6133,0.0165,0.1284,1089,1089,100,2015192135904
A2009209,2009-07-28,250m_16_days_NDVI,0.5131,0.1821,0.9051,649.6932,0.723,0.6032,0.0189,0.1374,1089,1077,98.9,2015192141830
A2009225,2009-08-13,250m_16_days_NDVI,0.4734,0.1956,0.8657,645.7421,0.6701,0.593,0.0206,0.1435,1089,1089,100,2015194150946
A2009241,2009-08-29,250m_16_days_NDVI,0.4791,0.1786,0.8371,625.6776,0.6585,0.5745,0.0189,0.1375,1089,1089,100,2015194151005
A2009257,2009-09-14,250m_16_days_NDVI,0.2906,0.1218,0.8937,378.7107,0.7719,0.5209,0.0185,0.1361,1089,727,66.76,2015194230758
A2009273,2009-09-30,250m_16_days_NDVI,0.4323,0.1695,0.8838,577.9418,0.7143,0.5509,0.0194,0.1394,1089,1049,96.33,2015195130635
A2009289,2009-10-16,250m_16_days_NDVI,0.434,0.1965,0.8678,539.5026,0.6713,0.5326,0.0166,0.1288,1089,1013,93.02,2015195225103
A2009305,2009-11-01,250m_16_days_NDVI,0.4784,0.2081,0.8425,601.3231,0.6344,0.5522,0.0179,0.1338,1089,1089,100,2015196131732
A2009321,2009-11-17,250m_16_days_NDVI,0.421,0.1048,0.9581,492.1234,0.8533,0.5202,0.0158,0.1256,1089,946,86.87,2015196201913
A2009337,2009-12-03,250m_16_days_NDVI,0.4377,0.1779,0.8169,546.7907,0.639,0.5193,0.0169,0.1302,1089,1053,96.69,2015197065122
A2009353,2009-12-19,250m_16_days_NDVI,0.5133,0.1347,0.9932,379.9855,0.8585,0.5613,0.0195,0.1395,1089,677,62.17,2015198031350
A2010001,2010-01-01,250m_16_days_NDVI,F,0.0927,0.984,379.2263,0.8913,0.6077,0.0253,0.159,1089,624,57.3,2015198104308
A2010017,2010-01-17,250m_16_days_NDVI,0.6151,0.2312,0.9205,712.6414,0.6893,0.6592,0.0164,0.128,1089,1081,99.27,2015198193924
A2010033,2010-02-02,250m_16_days_NDVI,0.5072,0.0697,0.968,438.0407,0.8983,0.5911,0.0164,0.1279,1089,741,68.04,2015199114548
A2010049,2010-02-18,250m_16_days_NDVI,0.5366,0.2203,0.9606,627.7903,0.7403,0.6161,0.017,0.1306,1089,1019,93.57,2015200022023
A2010065,2010-03-06,250m_16_days_NDVI,0.5486,0.0892,0.9917,523.2832,0.9025,0.6274,0.0155,0.1243,1089,834,76.58,2015206075154
A2010081,2010-03-22,250m_16_days_NDVI,0.531,0.1938,0.9805,706.0853,0.7867,0.6484,0.0195,0.1396,1089,1089,100,2015206081243
A2010097,2010-04-07,250m_16_days_NDVI,0.5518,0.1976,0.9814,695.704,0.7838,0.6406,0.0196,0.1399,1089,1086,99.72,2015206224538
A2010113,2010-04-23,250m_16_days_NDVI,0.5503,0.2332,0.9583,702.6235,0.7251,0.6452,0.0174,0.132,1089,1089,100,2015207160653
A2010129,2010-05-09,250m_16_days_NDVI,0.5465,0.226,0.9283,689.0202,0.7023,0.6439,0.0192,0.1385,1089,1070,98.26,2015207185312
A2010145,2010-05-25,250m_16_days_NDVI,0.5824,0.261,0.9607,719.8144,0.6997,0.661,0.0173,0.1314,1089,1089,100,2015208145334
A2010161,2010-06-10,250m_16_days_NDVI,0.5528,0.2889,0.8859,700.127,0.597,0.6429,0.0152,0.1233,1089,1089,100,2015208191232
A2010177,2010-06-26,250m_16_days_NDVI,0.8692,0.3268,0.992,746.6422,0.6652,0.6958,0.0141,0.1188,1089,1073,98.53,2015208200853
A2010193,2010-07-12,250m_16_days_NDVI,0.5224,0.2427,0.8418,660.3115,0.5991,0.6063,0.0145,0.1205,1089,1089,100,2015209100154
A2010209,2010-07-28,250m_16_days_NDVI,0.5971,0.2042,0.9054,672.8868,0.7012,0.6179,0.0159,0.126,1089,1089,100,2015209150336
A2010225,2010-08-13,250m_16_days_NDVI,0.4509,0.1595,0.9504,531.9019,0.7909,0.5923,0.0195,0.1398,1089,898,82.46,2015210084004
A2010241,2010-08-29,250m_16_days_NDVI,0.5959,0.2217,0.8561,671.0262,0.6344,0.6162,0.0149,0.1219,1089,1089,100,2015210102225
A2010257,2010-09-14,250m_16_days_NDVI,0.4749,0.1765,0.8455,604.553,0.669,0.5634,0.0182,0.1348,1089,1073,98.53,2015211021533
A2010273,2010-09-30,250m_16_days_NDVI,0.4202,0.166,0.951,598.4967,0.785,0.5537,0.0179,0.1336,1089,1081,99.27,2015211141252
A2010289,2010-10-16,250m_16_days_NDVI,0.4798,0.0077,0.8921,454.3534,0.8844,0.4955,0.0213,0.146,1089,917,84.21,2015211225635
A2010305,2010-11-01,250m_16_days_NDVI,0.4394,0.1216,0.9718,434.0027,0.8502,0.4642,0.0198,0.1407,1089,935,85.86,2015213071803
A2010321,2010-11-17,250m_16_days_NDVI,0.3906,0.1164,0.8316,516.9753,0.7152,0.4765,0.026,0.1612,1089,1085,99.63,2015213084013
A2010337,2010-12-03,250m_16_days_NDVI,0.3894,0.149,0.781,394.4679,0.632,0.456,0.0175,0.1321,1089,865,79.43,2015213170113
A2010353,2010-12-19,250m_16_days_NDVI,0.3427,0.1447,0.7866,480.0561,0.6419,0.462,0.0206,0.1434,1089,1039,95.41,2015216035107
A2011001,2011-01-01,250m_16_days_NDVI,0.4819,0.0705,0.9947,331.4783,0.9242,0.5171,0.0167,0.1293,1089,641,58.86,2015216114642
A2011017,2011-01-17,250m_16_days_NDVI,0.3459,0.0827,0.9774,367.5302,0.8947,0.5098,0.0243,0.1558,1089,721,66.21,2015216145550
A2011033,2011-02-02,250m_16_days_NDVI,0.5555,0.0825,0.9659,601.6337,0.8834,0.6028,0.0192,0.1387,1089,998,91.64,2015216130929
A2011049,2011-02-18,250m_16_days_NDVI,0.6144,0.2335,0.9245,632.1295,0.691,0.5958,0.0177,0.1331,1089,1061,97.43,2015216132638
A2011065,2011-03-06,250m_16_days_NDVI,0.4973,0.2126,0.8939,391.8311,0.6813,0.5245,0.0137,0.117,1089,747,68.6,2015217063922
A2011081,2011-03-22,250m_16_days_NDVI,0.5182,0.21,0.9823,647.4863,0.7723,0.6131,0.0218,0.1476,1089,1056,96.97,2015217154857
A2011097,2011-04-07,250m_16_days_NDVI,0.5304,0.154,0.9718,659.9214,0.8178,0.6267,0.0235,0.1534,1089,1053,96.69,2015218081929
A2011113,2011-04-23,250m_16_days_NDVI,0.5223,0.234,0.89,671.2142,0.656,0.6198,0.0233,0.1527,1089,1083,99.45,2015218103452
A2011129,2011-05-09,250m_16_days_NDVI,0.553,0.2488,0.9622,678.9857,0.7134,0.6269,0.0196,0.1399,1089,1083,99.45,2015219101949
A2011145,2011-05-25,250m_16_days_NDVI,0.5131,0.2311,0.884,673.213,0.6529,0.6182,0.0211,0.1451,1089,1089,100,2015219135106
A2011161,2011-06-10,250m_16_days_NDVI,0.5394,0.1834,0.92,672.83,0.7366,0.6213,0.0206,0.1435,1089,1083,99.45,2015219192120
A2011177,2011-06-26,250m_16_days_NDVI,0.491,0.2443,0.9727,689.3596,0.7284,0.633,0.0174,0.1318,1089,1089,100,2015220075216
A2011193,2011-07-12,250m_16_days_NDVI,0.5072,0.2861,0.9396,660.1533,0.6535,0.609,0.0185,0.1362,1089,1084,99.54,2015220124945
A2011209,2011-07-28,250m_16_days_NDVI,0.5198,0.2326,0.9256,658.7129,0.693,0.6077,0.0217,0.1471,1089,1084,99.54,2015221074819
A2011225,2011-08-13,250m_16_days_NDVI,0.3958,0.2428,0.8911,627.6599,0.6483,0.5764,0.0192,0.1386,1089,1089,100,2015221114625
A2011241,2011-08-29,250m_16_days_NDVI,0.3777,0.1807,0.8366,584.954,0.6559,0.5431,0.0199,0.1411,1089,1077,98.9,2015221213557
A2011257,2011-09-14,250m_16_days_NDVI,0.4668,0.2079,0.8194,586.0572,0.6115,0.5382,0.0206,0.1435,1089,1089,100,2015222085832
A2011273,2011-09-30,250m_16_days_NDVI,0.4516,0.097,0.8122,401.2314,0.7152,0.4887,0.0137,0.1171,1089,821,75.39,2015222121914
A2011289,2011-10-16,250m_16_days_NDVI,0.4163,0.1859,0.8785,574.0627,0.6926,0.5271,0.019,0.1377,1089,1089,100,2015229094433
A2011305,2011-11-01,250m_16_days_NDVI,0.34,0.147,0.8746,479.5885,0.7276,0.4679,0.018,0.1341,1089,1025,94.12,2015229102317
A2011321,2011-11-17,250m_16_days_NDVI,0.4265,0.0894,0.835,417.468,0.7456,0.4771,0.012,0.1095,1089,875,80.35,2015229115845
A2011337,2011-12-03,250m_16_days_NDVI,0.4746,0.1707,0.8167,400.651,0.646,0.4764,0.011,0.1051,1089,841,77.23,2015229235617
A2011353,2011-12-19,250m_16_days_NDVI,0.4233,0.1068,0.895,495.6606,0.7882,0.4952,0.0196,0.1399,1089,1001,91.92,2015230013003
A2012001,2012-01-01,250m_16_days_NDVI,0.4335,0.2327,0.8328,553.5944,0.6001,0.514,0.0178,0.1335,1089,1077,98.9,2015236170942
A2012017,2012-01-17,250m_16_days_NDVI,0.4127,0.1736,0.8979,586.4877,0.7243,0.5386,0.0192,0.1387,1089,1089,100,2015237084447
A2012033,2012-02-02,250m_16_days_NDVI,0.4098,0.1502,0.9882,327.0331,0.838,0.53,0.0173,0.1315,1089,617,56.66,2015237195324
A2012049,2012-02-18,250m_16_days_NDVI,0.5087,0.1128,0.8604,565.2034,0.7476,0.5738,0.0165,0.1284,1089,985,90.45,2015238131730
A2012065,2012-03-05,250m_16_days_NDVI,0.414,0.1066,0.8782,546.9304,0.7716,0.6294,0.025,0.1582,1089,869,79.8,2015238152646
A2012081,2012-03-21,250m_16_days_NDVI,0.5115,0.1268,0.9987,524.5192,0.8719,0.5887,0.0167,0.1292,1089,891,81.82,2015239230052
A2012097,2012-04-06,250m_16_days_NDVI,0.5606,0.2373,0.9911,633.3912,0.7538,0.6328,0.0155,0.1245,1089,1001,91.92,2015240114703
A2012113,2012-04-22,250m_16_days_NDVI,0.5715,0.2886,0.9058,713.2368,0.6172,0.6574,0.0141,0.1187,1089,1085,99.63,2015240190051
A2012129,2012-05-08,250m_16_days_NDVI,0.5492,0.2272,0.8923,692.4081,0.6651,0.637,0.0188,0.137,1089,1087,99.82,2015246095705
A2012145,2012-05-24,250m_16_days_NDVI,0.554,0.3045,0.9411,706.4,0.6366,0.6499,0.0178,0.1335,1089,1087,99.82,2015246100120
A2012161,2012-06-09,250m_16_days_NDVI,0.4942,0.264,0.9726,677.5107,0.7086,0.6221,0.0171,0.1306,1089,1089,100,2015247051309
A2012177,2012-06-25,250m_16_days_NDVI,0.4945,0.2501,0.9844,658.5912,0.7343,0.6048,0.0184,0.1356,1089,1089,100,2015247080719
A2012193,2012-07-11,250m_16_days_NDVI,0.4778,0.2376,0.9804,639.5291,0.7428,0.5938,0.0192,0.1386,1089,1077,98.9,2015247170955
A2012209,2012-07-27,250m_16_days_NDVI,0.4759,0.2238,0.8765,624.9153,0.6527,0.5738,0.0203,0.1424,1089,1089,100,2015248105705
A2012225,2012-08-12,250m_16_days_NDVI,0.4449,0.2054,0.9824,593.3923,0.777,0.553,0.0201,0.1418,1089,1073,98.53,2015248124316
A2012241,2012-08-28,250m_16_days_NDVI,0.4681,0.1848,0.8463,599.3991,0.6615,0.5504,0.0203,0.1424,1089,1089,100,2015249122637
A2012257,2012-09-13,250m_16_days_NDVI,0.4355,0.0673,0.9909,437.3943,0.9236,0.492,0.0167,0.1293,1089,889,81.63,2015249151927
A2012273,2012-09-29,250m_16_days_NDVI,0.3774,0.1785,0.8731,549.082,0.6946,0.5117,0.021,0.1448,1089,1073,98.53,2015249215727
A2012289,2012-10-15,250m_16_days_NDVI,0.4232,0.2065,0.8208,557.4313,0.6143,0.5119,0.0201,0.1416,1089,1089,100,2015251160742
A2012305,2012-10-31,250m_16_days_NDVI,0.3886,0.1906,0.8147,542.8218,0.6241,0.504,0.0195,0.1395,1089,1077,98.9,2015251162122
A2012321,2012-11-16,250m_16_days_NDVI,F,0.1829,0.9135,395.9343,0.7306,0.5196,0.0196,0.1398,1089,762,69.97,2015252200236
A2012337,2012-12-02,250m_16_days_NDVI,F,0.0997,0.9333,337.9122,0.8336,0.482,0.0167,0.1293,1089,701,64.37,2015252232722
A2012353,2012-12-18,250m_16_days_NDVI,0.3395,0.1698,0.9798,441.2018,0.81,0.4649,0.0139,0.1179,1089,949,87.14,2015253232416
A2013001,2013-01-01,250m_16_days_NDVI,0.3954,0.1448,0.9938,539.1902,0.849,0.5599,0.0198,0.1406,1089,963,88.43,2015254155028
A2013017,2013-01-17,250m_16_days_NDVI,F,0.2487,0.8547,498.1959,0.606,0.5542,0.0146,0.1207,1089,899,82.55,2015254142830
A2013033,2013-02-02,250m_16_days_NDVI,0.4623,0.2927,0.9322,566.603,0.6395,0.5672,0.0138,0.1173,1089,999,91.74,2015256064528
A2013049,2013-02-18,250m_16_days_NDVI,0.5761,0.2331,0.8324,658.5867,0.5993,0.6048,0.0155,0.1243,1089,1089,100,2015256173746
A2013065,2013-03-06,250m_16_days_NDVI,0.711,0.2588,0.9601,550.6133,0.7013,0.594,0.0156,0.1249,1089,927,85.12,2015256175429
A2013081,2013-03-22,250m_16_days_NDVI,0.5533,0.2292,0.9134,653.1939,0.6842,0.636,0.0187,0.1366,1089,1027,94.31,2015257073237
A2013097,2013-04-07,250m_16_days_NDVI,0.6101,0.2515,0.9235,709.8537,0.672,0.6524,0.0185,0.1361,1089,1088,99.91,2015257100533
A2013113,2013-04-23,250m_16_days_NDVI,0.4536,0.3258,0.9404,696.6949,0.6146,0.6409,0.0137,0.1172,1089,1087,99.82,2015260121237
A2013129,2013-05-09,250m_16_days_NDVI,0.5299,0.2651,0.8791,684.582,0.614,0.6286,0.0189,0.1373,1089,1089,100,2015260162158
A2013145,2013-05-25,250m_16_days_NDVI,0.5072,0.1208,0.9137,678.5355,0.7929,0.6432,0.0183,0.1352,1089,1055,96.88,2015261183508
A2013161,2013-06-10,250m_16_days_NDVI,0.5337,0.267,0.9705,677.696,0.7035,0.6252,0.0174,0.132,1089,1084,99.54,2015262164045
A2013177,2013-06-26,250m_16_days_NDVI,0.5107,0.2393,0.9494,640.4959,0.7101,0.5882,0.0178,0.1333,1089,1089,100,2015262163531
A2013193,2013-07-12,250m_16_days_NDVI,0.4817,0.2601,0.8579,636.7592,0.5978,0.588,0.0192,0.1384,1089,1083,99.45,2015264061728
A2013209,2013-07-28,250m_16_days_NDVI,0.4747,0.2089,0.855,626.8266,0.6461,0.5809,0.0198,0.1407,1089,1079,99.08,2015267154714
A2013225,2013-08-13,250m_16_days_NDVI,0.4512,0.2039,0.8407,594.4842,0.6368,0.5484,0.0202,0.1422,1089,1084,99.54,2015267214324
A2013241,2013-08-29,250m_16_days_NDVI,0.4161,0.2003,0.8668,568.9424,0.6665,0.5224,0.0201,0.1419,1089,1089,100,2015268074210
A2013257,2013-09-14,250m_16_days_NDVI,0.4137,0.2051,0.7839,536.0585,0.5788,0.4922,0.0174,0.1318,1089,1089,100,2015268074625
A2013273,2013-09-30,250m_16_days_NDVI,0.3609,0.1862,0.9145,458.7929,0.7283,0.4865,0.019,0.138,1089,943,86.59,2015269185710
A2013289,2013-10-16,250m_16_days_NDVI,0.4693,0.1373,0.9264,449.6457,0.7891,0.4546,0.014,0.1184,1089,989,90.82,2015269222215
A2013305,2013-11-01,250m_16_days_NDVI,0.3803,0.139,0.8525,455.3148,0.7135,0.4773,0.0134,0.1157,1089,954,87.6,2015270183745
A2013321,2013-11-17,250m_16_days_NDVI,0.4487,0.2118,0.8633,500.4446,0.6515,0.5364,0.0162,0.1274,1089,933,85.67,2015271095953
A2013337,2013-12-03,250m_16_days_NDVI,0.4549,0.1651,0.8893,553.3942,0.7242,0.5699,0.0144,0.1201,1089,971,89.16,2015271131438
A2013353,2013-12-19,250m_16_days_NDVI,F,0.1795,0.9904,480.7639,0.8109,0.5432,0.0216,0.147,1089,885,81.27,2015272025035
A2014001,2014-01-01,250m_16_days_NDVI,0.4786,0.2374,0.8332,608.7433,0.5958,0.559,0.0119,0.1091,1089,1089,100,2015272061423
A2014017,2014-01-17,250m_16_days_NDVI,0.4037,0.1898,0.7669,551.6077,0.5771,0.5103,0.0144,0.1201,1089,1081,99.27,2015273225915
A2014033,2014-02-02,250m_16_days_NDVI,0.4024,0.2389,0.9366,597.9215,0.6977,0.5902,0.0183,0.1352,1089,1013,93.02,2015274230645
A2014049,2014-02-18,250m_16_days_NDVI,0.5815,0.2211,0.9468,622.5261,0.7257,0.6385,0.0199,0.1411,1089,975,89.53,2015274230512
A2014065,2014-03-06,250m_16_days_NDVI,0.5215,0.233,0.9746,642.5814,0.7416,0.6394,0.0151,0.1231,1089,1005,92.29,2015276174353
A2014081,2014-03-22,250m_16_days_NDVI,0.5474,0.2562,0.8793,698.3904,0.6231,0.6413,0.0179,0.1339,1089,1089,100,2015276220039
A2014097,2014-04-07,250m_16_days_NDVI,0.5381,0.2644,0.9247,688.8884,0.6603,0.6326,0.0151,0.1229,1089,1089,100,2015278233452
A2014113,2014-04-23,250m_16_days_NDVI,0.5864,0.2783,0.9906,717.2036,0.7123,0.6616,0.0164,0.1282,1089,1084,99.54,2015281100803
A2014129,2014-05-09,250m_16_days_NDVI,0.5489,0.2954,0.9195,706.0807,0.6241,0.6484,0.0154,0.1241,1089,1089,100,2015281104323
A2014145,2014-05-25,250m_16_days_NDVI,0.5996,0.2603,0.9279,696.9841,0.6676,0.64,0.0149,0.1223,1089,1089,100,2015287232801
A2014161,2014-06-10,250m_16_days_NDVI,0.5304,0.2498,0.8661,666.2106,0.6163,0.6118,0.0183,0.1352,1089,1089,100,2015288071205
A2014177,2014-06-26,250m_16_days_NDVI,0.493,0.2563,0.8995,644.1397,0.6432,0.5915,0.016,0.1264,1089,1089,100,2015288072921
A2014193,2014-07-12,250m_16_days_NDVI,0.4989,0.2533,0.953,628.4401,0.6997,0.5771,0.0174,0.1321,1089,1089,100,2015289002843
A2014209,2014-07-28,250m_16_days_NDVI,0.4564,0.1612,0.8143,614.765,0.6531,0.5645,0.0154,0.124,1089,1089,100,2015289031634
A2014225,2014-08-13,250m_16_days_NDVI,0.4796,0.2386,0.8449,612.1537,0.6063,0.5621,0.0151,0.1229,1089,1089,100,2015289154959
A2014241,2014-08-29,250m_16_days_NDVI,0.4418,0.2078,0.8406,597.728,0.6328,0.5489,0.0185,0.1361,1089,1089,100,2015289183937
A2014257,2014-09-14,250m_16_days_NDVI,0.3897,0.1793,0.8234,573.7762,0.6441,0.5269,0.0177,0.133,1089,1089,100,2015291062615
A2014273,2014-09-30,250m_16_days_NDVI,0.4257,0.1794,0.8129,500.6387,0.6335,0.5083,0.0144,0.12,1089,985,90.45,2015291111630
A2014289,2014-10-16,250m_16_days_NDVI,0.4213,0.1901,0.8045,563.8044,0.6144,0.5177,0.0168,0.1294,1089,1089,100,2015291184112
A2014305,2014-11-01,250m_16_days_NDVI,0.3993,0.1877,0.9207,435.6346,0.733,0.4689,0.0109,0.1044,1089,929,85.31,2015292061231
A2014321,2014-11-17,250m_16_days_NDVI,0.4687,0.0929,0.8439,591.0555,0.751,0.5448,0.0201,0.1419,1089,1085,99.63,2015292070821
A2014337,2014-12-03,250m_16_days_NDVI,0.3975,0.0802,0.9169,373.3383,0.8367,0.4774,0.014,0.1184,1089,782,71.81,2015294144234
A2014353,2014-12-19,250m_16_days_NDVI,F,0.2586,0.7628,35.1934,0.5042,0.5175,0.0124,0.1113,1089,68,6.24,2015295002442
A2015001,2015-01-01,250m_16_days_NDVI,F,0.1342,0.9589,118.9322,0.8247,0.6758,0.0342,0.185,1089,176,16.16,2015295100740
A2015017,2015-01-17,250m_16_days_NDVI,0.5266,0.2302,0.9322,674.1722,0.702,0.6237,0.0152,0.1233,1089,1081,99.27,2015295115705
A2015033,2015-02-02,250m_16_days_NDVI,F,0.1167,0.8571,311.3205,0.7404,0.6264,0.0208,0.1444,1089,497,45.64,2015296122838
A2015049,2015-02-18,250m_16_days_NDVI,0.5314,0.1946,0.8478,664.9669,0.6532,0.6106,0.0158,0.1257,1089,1089,100,2015297001625
A2015065,2015-03-06,250m_16_days_NDVI,0.6402,0.2719,0.9883,737.6411,0.7164,0.7141,0.0179,0.1337,1089,1033,94.86,2015298001326
A2015081,2015-03-22,250m_16_days_NDVI,0.5607,0.2314,0.9751,700.3177,0.7437,0.6431,0.0162,0.1274,1089,1089,100,2015298180027
A2015097,2015-04-07,250m_16_days_NDVI,0.567,0.2571,0.9391,629.0577,0.682,0.6361,0.0162,0.1273,1089,989,90.82,2015299004020
A2015113,2015-04-23,250m_16_days_NDVI,0.5463,0.2287,0.9824,698.7466,0.7537,0.6428,0.018,0.1341,1089,1087,99.82,2015299023915
A2015129,2015-05-09,250m_16_days_NDVI,0.5748,0.292,0.9863,730.3602,0.6943,0.6707,0.0147,0.1214,1089,1089,100,2015299152035
A2015145,2015-05-25,250m_16_days_NDVI,0.5785,0.2831,0.9909,730.7636,0.7078,0.6754,0.0187,0.1368,1089,1082,99.36,2015300234207
A2015161,2015-06-10,250m_16_days_NDVI,0.5819,0.172,0.9202,743.2298,0.7482,0.6825,0.0115,0.1072,1089,1089,100,2015301071925
A2015177,2015-06-26,250m_16_days_NDVI,0.5797,0.2737,0.9279,716.9539,0.6542,0.662,0.016,0.1265,1089,1083,99.45,2015301215240
A2015193,2015-07-12,250m_16_days_NDVI,0.5321,0.3102,0.981,700.4094,0.6708,0.6449,0.0153,0.1237,1089,1086,99.72,2015304005836
A2015209,2015-07-28,250m_16_days_NDVI,0.5057,0.2544,0.9763,702.8282,0.7219,0.6454,0.0139,0.1178,1089,1089,100,2015304030257
A2015225,2015-08-13,250m_16_days_NDVI,0.5288,0.2503,0.9662,659.1044,0.7159,0.6052,0.0162,0.1271,1089,1089,100,2015305204310
A2015241,2015-08-29,250m_16_days_NDVI,0.4582,0.2458,0.8594,635.5829,0.6136,0.5836,0.017,0.1305,1089,1089,100,2015305211605
A2015257,2015-09-14,250m_16_days_NDVI,0.4528,0.1939,0.8356,620.4155,0.6417,0.5697,0.0158,0.1256,1089,1089,100,2015306145312
A2015273,2015-09-30,250m_16_days_NDVI,0.4791,0.2274,0.9027,544.3876,0.6753,0.546,0.0148,0.1215,1089,997,91.55,2015307053831
A2015289,2015-10-16,250m_16_days_NDVI,0.2814,0.0967,0.9904,455.2336,0.8937,0.5565,0.0175,0.1324,1089,818,75.11,2015317210002
A2015305,2015-11-01,250m_16_days_NDVI,0.4665,0.2168,0.9894,623.1461,0.7726,0.5722,0.016,0.1265,1089,1089,100,2015335131548
A2015321,2015-11-17,250m_16_days_NDVI,0.4786,0.1855,0.9298,527.6477,0.7443,0.5479,0.0119,0.1092,1089,963,88.43,2015343135335
A2015337,2015-12-03,250m_16_days_NDVI,F,0.1,0.9457,282.845,0.8457,0.5546,0.0264,0.1625,1089,510,46.83,2016004171629
A2015353,2015-12-19,250m_16_days_NDVI,F,0.2022,0.9852,498.7575,0.783,0.7015,0.0194,0.1391,1089,711,65.29,2016007181302
A2016001,2016-01-01,250m_16_days_NDVI,0.5907,0.2039,0.9641,660.6002,0.7602,0.6432,0.0235,0.1532,1089,1027,94.31,2016029065636
A2016017,2016-01-17,250m_16_days_NDVI,F,0.0691,0.9612,359.9702,0.8921,0.606,0.0279,0.1671,1089,594,54.55,2016035114615
A2016033,2016-02-02,250m_16_days_NDVI,F,0.1842,0.974,454.7068,0.7898,0.6716,0.0225,0.1501,1089,677,62.17,2016050022857
A2016049,2016-02-18,250m_16_days_NDVI,0.1507,0.075,0.9335,212.9063,0.8585,0.6612,0.022,0.1484,1089,322,29.57,2016109133606
A2016065,2016-03-05,250m_16_days_NDVI,0.5366,0.2098,0.906,645.9264,0.6962,0.6376,0.0155,0.1244,1089,1013,93.02,2016111112648
A2016081,2016-03-21,250m_16_days_NDVI,0.6446,0.3034,0.922,740.8322,0.6186,0.6809,0.0151,0.1228,1089,1088,99.91,2017097232430
A2016097,2016-04-06,250m_16_days_NDVI,0.6226,0.3122,0.9193,744.2373,0.6071,0.6891,0.0144,0.1198,1089,1080,99.17,2016114035940
A2016113,2016-04-22,250m_16_days_NDVI,0.5499,0.2448,0.9974,688.5997,0.7526,0.643,0.0177,0.133,1089,1071,98.35,2016130115245
A2016129,2016-05-08,250m_16_days_NDVI,0.553,0.273,0.9935,711.7101,0.7205,0.6535,0.0147,0.1213,1089,1089,100,2016147112819
A2016145,2016-05-24,250m_16_days_NDVI,0.5244,0.2572,0.979,690.3875,0.7218,0.634,0.0165,0.1285,1089,1089,100,2016166144711
A2016161,2016-06-09,250m_16_days_NDVI,0.5229,0.2625,0.9605,676.0038,0.698,0.6208,0.0164,0.1279,1089,1089,100,2016184011418
A2016177,2016-06-25,250m_16_days_NDVI,0.5511,0.2959,0.8491,659.2797,0.5532,0.6054,0.0135,0.1161,1089,1089,100,2016200100234
A2016193,2016-07-11,250m_16_days_NDVI,0.576,0.3298,0.94,690.9265,0.6102,0.635,0.0158,0.1258,1089,1088,99.91,2016215085002
A2016209,2016-07-27,250m_16_days_NDVI,0.4766,0.2379,0.8779,632.1876,0.64,0.5827,0.0171,0.1308,1089,1085,99.63,2016229083152
A2016225,2016-08-12,250m_16_days_NDVI,0.4383,0.1968,0.9275,607.8189,0.7307,0.5691,0.0184,0.1358,1089,1068,98.07,2016243085053
A2016241,2016-08-28,250m_16_days_NDVI,0.4418,0.1634,0.9831,566.0231,0.8197,0.5355,0.0165,0.1286,1089,1057,97.06,2016263150704
A2016257,2016-09-13,250m_16_days_NDVI,0.3945,0.1875,0.7844,506.157,0.5969,0.5016,0.0132,0.1149,1089,1009,92.65,2016274145941
A2016273,2016-09-29,250m_16_days_NDVI,0.3844,0.177,0.8714,555.8464,0.6944,0.5104,0.0153,0.1239,1089,1089,100,2016292070740
A2016289,2016-10-15,250m_16_days_NDVI,0.4054,0.2048,0.8812,534.9629,0.6764,0.508,0.0129,0.1135,1089,1053,96.69,2016306042019
A2016305,2016-10-31,250m_16_days_NDVI,0.3757,0.169,0.8423,531.0082,0.6733,0.4894,0.0159,0.1262,1089,1085,99.63,2016322045124
A2016321,2016-11-16,250m_16_days_NDVI,0.4333,0.0884,0.9581,426.0635,0.8697,0.5066,0.0192,0.1385,1089,841,77.23,2016340093511
A2016337,2016-12-02,250m_16_days_NDVI,0.1468,0.0689,0.9505,180.5133,0.8816,0.4905,0.0248,0.1576,1089,368,33.79,2016357045105
A2016353,2016-12-18,250m_16_days_NDVI,0.4453,0.1436,0.8773,419.5905,0.7337,0.5251,0.0161,0.127,1089,799,73.37,2017010091212
A2017001,2017-01-01,250m_16_days_NDVI,0.3956,0.062,0.8672,423.0415,0.8052,0.5153,0.0152,0.1235,1089,821,75.39,2017020214016
A2017017,2017-01-17,250m_16_days_NDVI,0.5852,0.0671,0.9812,409.2292,0.9141,0.6238,0.0205,0.1432,1089,656,60.24,2017034073704
A2017033,2017-02-02,250m_16_days_NDVI,0.513,0.2429,0.9263,528.6473,0.6834,0.592,0.0169,0.1299,1089,893,82,2017053061954
A2017049,2017-02-18,250m_16_days_NDVI,0.5737,0.2572,0.9236,707.2339,0.6664,0.6494,0.0183,0.1351,1089,1089,100,2017066031253
A2017065,2017-03-06,250m_16_days_NDVI,0.7102,0.1058,0.9917,293.58,0.8859,0.6568,0.0248,0.1574,1089,447,41.05,2017082122245
A2017081,2017-03-22,250m_16_days_NDVI,0.6446,0.3034,0.922,740.8322,0.6186,0.6809,0.0151,0.1228,1089,1088,99.91,2017111085037
A2017097,2017-04-07,250m_16_days_NDVI,0.5836,0.2898,0.9553,691.5372,0.6655,0.6475,0.0154,0.1242,1089,1068,98.07,2017116140204
A2017113,2017-04-23,250m_16_days_NDVI,0.8452,0.0641,0.9455,480.2781,0.8814,0.719,0.0193,0.1391,1089,668,61.34,2017131092535
A2017129,2017-05-09,250m_16_days_NDVI,0.4485,0.2554,0.9854,734.7981,0.73,0.6772,0.0165,0.1286,1089,1085,99.63,2017145231136
A2017145,2017-05-25,250m_16_days_NDVI,0.5808,0.2942,0.933,723.2489,0.6388,0.6672,0.0147,0.1214,1089,1084,99.54,2017164072133
A2017161,2017-06-10,250m_16_days_NDVI,0.5692,0.2667,0.9913,712.7825,0.7246,0.6563,0.017,0.1303,1089,1086,99.72,2017178080752
A2017177,2017-06-26,250m_16_days_NDVI,0.6131,0.2886,0.988,708.8409,0.6994,0.6533,0.0171,0.1308,1089,1085,99.63,2017194070713
A2017193,2017-07-12,250m_16_days_NDVI,0.5255,0.2184,0.9354,681.1927,0.717,0.6272,0.0164,0.1282,1089,1086,99.72,2017209235126
A2017209,2017-07-28,250m_16_days_NDVI,0.518,0.2394,0.9766,672.1785,0.7372,0.6195,0.0144,0.1199,1089,1085,99.63,2017234111626
A2017225,2017-08-13,250m_16_days_NDVI,0.5224,0.2315,0.9343,417.8321,0.7028,0.586,0.0171,0.1307,1089,713,65.47,2017250141631
A2017241,2017-08-29,250m_16_days_NDVI,0.44,0.2325,0.9182,622.7288,0.6857,0.5782,0.0177,0.1331,1089,1077,98.9,2017262090716
A2017257,2017-09-14,250m_16_days_NDVI,0.42,0.2167,0.8523,593.8112,0.6356,0.5503,0.0165,0.1286,1089,1079,99.08,2017276133006
A2017273,2017-09-30,250m_16_days_NDVI,0.4283,0.2371,0.8177,600.5581,0.5806,0.5515,0.016,0.1266,1089,1089,100,2017290090347
A2017289,2017-10-16,250m_16_days_NDVI,0.4906,0.2344,0.8731,626.394,0.6387,0.5882,0.0165,0.1285,1089,1065,97.8,2017310141933
A2017305,2017-11-01,250m_16_days_NDVI,0.4505,0.253,0.8063,598.3172,0.5533,0.5576,0.0123,0.111,1089,1073,98.53,2017325113621
A2017321,2017-11-17,250m_16_days_NDVI,0.4939,0.1768,0.9925,472.8958,0.8157,0.5739,0.0155,0.1245,1089,824,75.67,2017337222050
A2017337,2017-12-03,250m_16_days_NDVI,F,0.0805,0.9843,363.1122,0.9038,0.5412,0.0222,0.149,1089,671,61.62,2017353223738
A2017353,2017-12-19,250m_16_days_NDVI,F,0.137,0.9938,351.5491,0.8568,0.6839,0.0144,0.1198,1089,514,47.2,2018004224430
A2018001,2018-01-01,250m_16_days_NDVI,0.7513,0.0852,0.9938,482.2703,0.9086,0.688,0.0133,0.1152,1089,701,64.37,2018017223921
A2018017,2018-01-17,250m_16_days_NDVI,0.4574,0.2292,0.9942,626.4285,0.765,0.5904,0.0148,0.1215,1089,1061,97.43,2018033224244
A2018033,2018-02-02,250m_16_days_NDVI,F,0.247,0.9493,689.2268,0.7023,0.6552,0.0179,0.1337,1089,1052,96.6,2018049222855
A2018049,2018-02-18,250m_16_days_NDVI,0.5294,0.1886,0.9988,480.2227,0.8102,0.6745,0.0157,0.1253,1089,712,65.38,2018066165317
A2018065,2018-03-06,250m_16_days_NDVI,0.5407,0.2181,0.9867,680.4531,0.7686,0.6389,0.0168,0.1296,1089,1065,97.8,2018082152325
A2018081,2018-03-22,250m_16_days_NDVI,0.545,0.1355,0.9854,448.8661,0.8499,0.6811,0.0183,0.1353,1089,659,60.51,2018097234445
A2018097,2018-04-07,250m_16_days_NDVI,0.6362,0.3098,0.9283,757.4327,0.6185,0.6955,0.0145,0.1206,1089,1089,100,2018113235248
A2018113,2018-04-23,250m_16_days_NDVI,0.6055,0.2781,0.9807,747.9634,0.7026,0.6868,0.0146,0.1209,1089,1089,100,2018130000341
A2018129,2018-05-09,250m_16_days_NDVI,0.5909,0.2604,0.9134,736.8347,0.653,0.6766,0.0141,0.1185,1089,1089,100,2018151110827
A2018145,2018-05-25,250m_16_days_NDVI,0.5851,0.3179,0.9264,744.5199,0.6085,0.6837,0.0113,0.1065,1089,1089,100,2018162002435
A2018161,2018-06-10,250m_16_days_NDVI,0.6081,0.3255,0.9487,746.0768,0.6232,0.6857,0.014,0.1185,1089,1088,99.91,2018177235451
A2018177,2018-06-26,250m_16_days_NDVI,0.5477,0.2851,0.9873,709.415,0.7022,0.6514,0.0135,0.1163,1089,1089,100,2018197103243
A2018193,2018-07-12,250m_16_days_NDVI,0.5351,0.2429,0.9935,684.4202,0.7506,0.6285,0.0158,0.1256,1089,1089,100,2018210001445
