Landsat Product Identifier,Landsat Scene Identifier,Acquisition Date,Collection Category,Collection Number,WRS Path,WRS Row,Target WRS Path,Target WRS Row,Nadir/Off Nadir,Roll Angle,Date L-1 Generated,Start Time,Stop Time,Station Identifier,Day/Night Indicator,Land Cloud Cover,Scene Cloud Cover,Ground Control Points Model,Ground Control Points Version,Geometric RMSE Model (meters),Geometric RMSE Model X,Geometric RMSE Model Y,Image Quality, Processing Software Version,Sun Elevation L1,Sun Azimuth L1,TIRS SSM Model,Data Type Level-1,Sensor Identifier,Panchromatic Lines,Panchromatic Samples,Reflective Lines,Reflective Samples,Thermal Lines,Thermal Samples,Map Projection Level-1,UTM Zone,Datum,Ellipsoid,Grid Cell Size Panchromatic,Grid Cell Size Reflective,Grid Cell Size Thermal,Bias Parameter File Name OLI,Bias Parameter File Name TIRS, Calibration Parameter File,RLUT File Name,Center Latitude,Center Longitude,UL Corner Lat,UL Corner Long,UR Corner Lat,UR Corner Long,LL Corner Lat,LL Corner Long,LR Corner Lat,LR Corner Long,Center Latitude dec,Center Longitude dec,UL Corner Lat dec,UL Corner Long dec,UR Corner Lat dec,UR Corner Long dec,LL Corner Lat dec,LL Corner Long dec,LR Corner Lat dec,LR Corner Long dec,Display ID,Ordering ID,Browse Link
LC08_L1TP_151036_20180701_20180716_01_T1,LC81510362018182LGN00,2018/07/01,T1,1, 151, 036, 151, 036,NADIR,-.001,2018/07/16,2018:182:05:46:57.0745890,2018:182:05:47:28.8445870,LGN,DAY,7.5,7.5,332,4,8.428,5.301,6.553,9,LPGS_13.1.0,67.34111602,114.55336974,FINAL,OLI_TIRS_L1TP,OLI_TIRS,15401,15121,7701,7561,7701,7561,UTM,42,WGS84,WGS84,15,30,30,LO8BPF20180701034835_20180701061028.01,LT8BPF20180628211945_20180713101632.01,LC08CPF_20180701_20180930_01.01,LC08RLUT_20150303_20431231_01_12.h5,34°36'39.42"N,71°45'16.70"E,35°39'37.44"N,70°58'46.42"E,35°16'13.51"N,73°00'50.90"E,33°56'12.62"N,70°30'47.56"E,33°32'50.64"N,72°30'21.53"E,34.61095,71.75464,35.6604,70.97956,35.27042,73.01414,33.93684,70.51321,33.5474,72.50598,LC08_L1TP_151036_20180701_20180716_01_T1,LC81510362018182LGN00,https://earthexplorer.usgs.gov/browse-link/12864/LC81510362018182LGN00
LC08_L1TP_151036_20180530_20180605_01_T1,LC81510362018150LGN00,2018/05/30,T1,1, 151, 036, 151, 036,NADIR,-.001,2018/06/05,2018:150:05:46:42.5109790,2018:150:05:47:14.2809770,LGN,DAY,1.29,1.29,417,4,8.512,5.022,6.873,9,LPGS_13.1.0,67.60577995,119.50165476,ACTUAL,OLI_TIRS_L1TP,OLI_TIRS,15381,15101,7691,7551,7691,7551,UTM,42,WGS84,WGS84,15,30,30,LO8BPF20180530053336_20180530061014.01,LT8BPF20180530043949_20180530070031.01,LC08CPF_20180401_20180630_01.02,LC08RLUT_20150303_20431231_01_12.h5,34°36'38.20"N,71°42'44.96"E,35°39'33.77"N,70°56'11.65"E,35°16'16.28"N,72°58'15.10"E,33°56'07.30"N,70°28'20.06"E,33°32'51.65"N,72°27'52.92"E,34.61061,71.71249,35.65938,70.93657,35.27119,72.97086,33.93536,70.47224,33.54768,72.4647,LC08_L1TP_151036_20180530_20180605_01_T1,LC81510362018150LGN00,https://earthexplorer.usgs.gov/browse-link/12864/LC81510362018150LGN00
LC08_L1TP_151036_20180428_20180502_01_T1,LC81510362018118LGN00,2018/04/28,T1,1, 151, 036, 151, 036,NADIR,-.001,2018/05/02,2018:118:05:47:05.4234670,2018:118:05:47:37.1934650,LGN,DAY,6.11,6.11,378,4,7.812,5.203,5.827,9,LPGS_13.0.0,62.21603821,132.3047487,FINAL,OLI_TIRS_L1TP,OLI_TIRS,15401,15121,7701,7561,7701,7561,UTM,42,WGS84,WGS84,15,30,30,LO8BPF20180428053358_20180428061037.01,LT8BPF20180414000401_20180430074753.01,LC08CPF_20180401_20180630_01.01,LC08RLUT_20150303_20431231_01_12.h5,34°36'38.59"N,71°43'04.66"E,35°39'34.27"N,70°56'31.24"E,35°16'16.32"N,72°58'35.22"E,33°56'08.02"N,70°28'39.22"E,33°32'51.90"N,72°28'12.61"E,34.61072,71.71796,35.65952,70.94201,35.2712,72.97645,33.93556,70.47756,33.54775,72.47017,LC08_L1TP_151036_20180428_20180502_01_T1,LC81510362018118LGN00,https://earthexplorer.usgs.gov/browse-link/12864/LC81510362018118LGN00
LC08_L1TP_151036_20180412_20180417_01_T1,LC81510362018102LGN00,2018/04/12,T1,1, 151, 036, 151, 036,NADIR,-.001,2018/04/17,2018:102:05:47:14.5346170,2018:102:05:47:46.3046150,LGN,DAY,2.16,2.16,435,4,7.515,5.225,5.402,9,LPGS_13.0.0,57.35807255,137.55102819,FINAL,OLI_TIRS_L1TP,OLI_TIRS,15401,15121,7701,7561,7701,7561,UTM,42,WGS84,WGS84,15,30,30,LO8BPF20180412053408_20180412061709.01,LT8BPF20180331195309_20180413213732.01,LC08CPF_20180401_20180630_01.01,LC08RLUT_20150303_20431231_01_12.h5,34°36'38.38"N,71°43'35.47"E,35°39'33.98"N,70°57'01.94"E,35°16'15.71"N,72°59'06.36"E,33°56'08.05"N,70°29'09.67"E,33°32'51.58"N,72°28'43.50"E,34.61066,71.72652,35.65944,70.95054,35.27103,72.9851,33.93557,70.48602,33.54766,72.47875,LC08_L1TP_151036_20180412_20180417_01_T1,LC81510362018102LGN00,https://earthexplorer.usgs.gov/browse-link/12864/LC81510362018102LGN00
LC08_L1TP_151036_20180207_20180221_01_T1,LC81510362018038LGN00,2018/02/07,T1,1, 151, 036, 151, 036,NADIR,-.001,2018/02/21,2018:038:05:47:44.7580110,2018:038:05:48:16.5280100,LGN,DAY,7.31,7.31,434,4,7.379,5.516,4.901,9,LPGS_13.0.0,34.80129425,150.51601851,FINAL,OLI_TIRS_L1TP,OLI_TIRS,15401,15101,7701,7551,7701,7551,UTM,42,WGS84,WGS84,15,30,30,LO8BPF20180207053701_20180207062315.01,LT8BPF20180201043308_20180215103000.01,LC08CPF_20180101_20180331_01.02,LC08RLUT_20150303_20431231_01_12.h5,34°36'38.34"N,71°44'43.69"E,35°39'34.67"N,70°58'11.28"E,35°16'15.24"N,73°00'15.08"E,33°56'08.70"N,70°30'17.46"E,33°32'51.07"N,72°29'50.68"E,34.61065,71.74547,35.65963,70.9698,35.2709,73.00419,33.93575,70.50485,33.54752,72.49741,LC08_L1TP_151036_20180207_20180221_01_T1,LC81510362018038LGN00,https://earthexplorer.usgs.gov/browse-link/12864/LC81510362018038LGN00
LC08_L1TP_151036_20180122_20180206_01_T1,LC81510362018022LGN00,2018/01/22,T1,1, 151, 036, 151, 036,NADIR,-.001,2018/02/06,2018:022:05:47:52.9957530,2018:022:05:48:24.7657510,LGN,DAY,1.73,1.73,443,4,7.22,5.423,4.766,9,LPGS_13.0.0,31.07105553,153.32395554,FINAL,OLI_TIRS_L1TP,OLI_TIRS,15401,15101,7701,7551,7701,7551,UTM,42,WGS84,WGS84,15,30,30,LO8BPF20180122053845_20180122062324.01,LT8BPF20180116103838_20180201021239.01,LC08CPF_20180101_20180331_01.01,LC08RLUT_20150303_20431231_01_12.h5,34°36'39.38"N,71°44'07.08"E,35°39'35.75"N,70°57'35.03"E,35°16'15.96"N,72°59'38.58"E,33°56'09.89"N,70°29'40.74"E,33°32'52.01"N,72°29'13.70"E,34.61094,71.7353,35.65993,70.95973,35.2711,72.99405,33.93608,70.49465,33.54778,72.48714,LC08_L1TP_151036_20180122_20180206_01_T1,LC81510362018022LGN00,https://earthexplorer.usgs.gov/browse-link/12864/LC81510362018022LGN00
LC08_L1TP_151036_20180106_20180119_01_T1,LC81510362018006LGN00,2018/01/06,T1,1, 151, 036, 151, 036,NADIR,-.001,2018/01/19,2018:006:05:48:01.0011850,2018:006:05:48:32.7711840,LGN,DAY,2.26,2.26,420,4,7.834,5.698,5.377,9,LPGS_13.0.0,28.97964952,156.01508174,FINAL,OLI_TIRS_L1TP,OLI_TIRS,15401,15101,7701,7551,7701,7551,UTM,42,WGS84,WGS84,15,30,30,LO8BPF20180106053940_20180106062731.01,LT8BPF20180102141520_20180116103022.01,LC08CPF_20180101_20180331_01.01,LC08RLUT_20150303_20431231_01_12.h5,34°36'37.87"N,71°43'18.26"E,35°39'34.45"N,70°56'46.10"E,35°16'14.27"N,72°58'50.16"E,33°56'08.70"N,70°28'51.49"E,33°32'50.39"N,72°28'24.96"E,34.61052,71.72174,35.65957,70.94614,35.27063,72.9806,33.93575,70.48097,33.54733,72.4736,LC08_L1TP_151036_20180106_20180119_01_T1,LC81510362018006LGN00,https://earthexplorer.usgs.gov/browse-link/12864/LC81510362018006LGN00
LC08_L1TP_151036_20171205_20171222_01_T1,LC81510362017339LGN00,2017/12/05,T1,1, 151, 036, 151, 036,NADIR,-.001,2017/12/22,2017:339:05:48:02.5528880,2017:339:05:48:34.3228860,LGN,DAY,2.73,2.73,462,4,7.591,5.496,5.236,9,LPGS_13.0.0,30.25915141,159.7931935,FINAL,OLI_TIRS_L1TP,OLI_TIRS,15401,15121,7701,7561,7701,7561,UTM,42,WGS84,WGS84,15,30,30,LO8BPF20171205053942_20171205071835.01,LT8BPF20171204045259_20171221125835.01,LC08CPF_20171001_20171231_01.02,LC08RLUT_20150303_20431231_01_12.h5,34°36'39.42"N,71°44'38.22"E,35°39'36.22"N,70°58'06.17"E,35°16'15.24"N,73°00'10.76"E,33°56'10.75"N,70°30'10.76"E,33°32'51.68"N,72°29'44.81"E,34.61095,71.74395,35.66006,70.96838,35.2709,73.00299,33.93632,70.50299,33.54769,72.49578,LC08_L1TP_151036_20171205_20171222_01_T1,LC81510362017339LGN00,https://earthexplorer.usgs.gov/browse-link/12864/LC81510362017339LGN00
LC08_L1TP_151036_20171119_20171205_01_T1,LC81510362017323LGN00,2017/11/19,T1,1, 151, 036, 151, 036,NADIR,-.001,2017/12/05,2017:323:05:48:07.1884600,2017:323:05:48:38.9584580,LGN,DAY,1.88,1.88,467,4,7.358,5.39,5.009,9,LPGS_13.0.0,33.37938654,160.13979057,FINAL,OLI_TIRS_L1TP,OLI_TIRS,15401,15121,7701,7561,7701,7561,UTM,42,WGS84,WGS84,15,30,30,LO8BPF20171119053859_20171119062338.01,LT8BPF20171118110207_20171204023211.01,LC08CPF_20171001_20171231_01.02,LC08RLUT_20150303_20431231_01_12.h5,34°36'38.70"N,71°43'58.80"E,35°39'35.57"N,70°57'27.65"E,35°16'14.48"N,72°59'31.09"E,33°56'10.07"N,70°29'31.74"E,33°32'50.93"N,72°29'04.63"E,34.61075,71.733,35.65988,70.95768,35.27069,72.99197,33.93613,70.49215,33.54748,72.48462,LC08_L1TP_151036_20171119_20171205_01_T1,LC81510362017323LGN00,https://earthexplorer.usgs.gov/browse-link/12864/LC81510362017323LGN00
LC08_L1TP_151036_20171103_20171109_01_T1,LC81510362017307LGN00,2017/11/03,T1,1, 151, 036, 151, 036,NADIR,-.001,2017/11/09,2017:307:05:48:11.3464660,2017:307:05:48:43.1164640,LGN,DAY,.27,.27,487,4,6.8,5.094,4.506,9,LPGS_13.0.0,37.68704608,159.03313192,FINAL,OLI_TIRS_L1TP,OLI_TIRS,15401,15121,7701,7561,7701,7561,UTM,42,WGS84,WGS84,15,30,30,LO8BPF20171103053728_20171103071621.01,LT8BPF20171020000456_20171104134947.01,LC08CPF_20171001_20171231_01.02,LC08RLUT_20150303_20431231_01_12.h5,34°36'39.42"N,71°43'13.15"E,35°39'36.43"N,70°56'42.14"E,35°16'15.10"N,72°58'45.52"E,33°56'10.79"N,70°28'45.88"E,33°32'51.32"N,72°28'18.66"E,34.61095,71.72032,35.66012,70.94504,35.27086,72.97931,33.93633,70.47941,33.54759,72.47185,LC08_L1TP_151036_20171103_20171109_01_T1,LC81510362017307LGN00,https://earthexplorer.usgs.gov/browse-link/12864/LC81510362017307LGN00
LC08_L1TP_151036_20171018_20171025_01_T1,LC81510362017291LGN00,2017/10/18,T1,1, 151, 036, 151, 036,NADIR,-.001,2017/10/25,2017:291:05:48:11.6162590,2017:291:05:48:43.3862570,LGN,DAY,.54,.54,497,4,6.274,4.691,4.167,9,LPGS_13.0.0,42.71009405,156.270087,FINAL,OLI_TIRS_L1TP,OLI_TIRS,15401,15121,7701,7561,7701,7561,UTM,42,WGS84,WGS84,15,30,30,LO8BPF20171018053552_20171018071509.01,LT8BPF20171006082423_20171019213827.02,LC08CPF_20171001_20171231_01.01,LC08RLUT_20150303_20431231_01_12.h5,34°36'37.87"N,71°43'10.31"E,35°39'35.03"N,70°56'39.44"E,35°16'13.33"N,72°58'42.92"E,33°56'09.56"N,70°28'42.82"E,33°32'49.85"N,72°28'15.78"E,34.61052,71.71953,35.65973,70.94429,35.27037,72.97859,33.93599,70.47856,33.54718,72.47105,LC08_L1TP_151036_20171018_20171025_01_T1,LC81510362017291LGN00,https://earthexplorer.usgs.gov/browse-link/12864/LC81510362017291LGN00
LC08_L1TP_151036_20171002_20171013_01_T1,LC81510362017275LGN00,2017/10/02,T1,1, 151, 036, 151, 036,NADIR,-.001,2017/10/13,2017:275:05:48:08.1665240,2017:275:05:48:39.9365220,LGN,DAY,1.15,1.15,488,4,6.715,4.935,4.554,9,LPGS_2.7.0,47.95538139,151.76901543,FINAL,OLI_TIRS_L1TP,OLI_TIRS,15401,15121,7701,7561,7701,7561,UTM,42,WGS84,WGS84,15,30,30,LO8BPF20171002053501_20171002062027.01,LT8BPF20170920111549_20171006060316.01,LC08CPF_20171001_20171231_01.01,LC08RLUT_20150303_20431231_01_12.h5,34°36'39.06"N,71°43'48.79"E,35°39'36.32"N,70°57'17.78"E,35°16'14.34"N,72°59'21.84"E,33°56'10.97"N,70°29'20.94"E,33°32'50.82"N,72°28'54.44"E,34.61085,71.73022,35.66009,70.95494,35.27065,72.9894,33.93638,70.48915,33.54745,72.48179,LC08_L1TP_151036_20171002_20171013_01_T1,LC81510362017275LGN00,https://earthexplorer.usgs.gov/browse-link/12864/LC81510362017275LGN00
LC08_L1TP_151036_20170815_20170825_01_T1,LC81510362017227LGN00,2017/08/15,T1,1, 151, 036, 151, 036,NADIR,-.001,2017/08/25,2017:227:05:47:56.5788940,2017:227:05:48:28.3488920,LGN,DAY,1.84,1.84,448,4,8.002,5.059,6.2,9,LPGS_2.7.0,61.16344,130.16156845,FINAL,OLI_TIRS_L1TP,OLI_TIRS,15401,15121,7701,7561,7701,7561,UTM,42,WGS84,WGS84,15,30,30,LO8BPF20170815051543_20170815061128.01,LT8BPF20170808101524_20170821090344.01,LC08CPF_20170701_20170930_01.02,LC08RLUT_20150303_20431231_01_12.h5,34°36'38.48"N,71°44'33.07"E,35°39'35.96"N,70°58'02.35"E,35°16'13.33"N,73°00'06.44"E,33°56'10.82"N,70°30'04.79"E,33°32'50.10"N,72°29'38.36"E,34.61069,71.74252,35.65999,70.96732,35.27037,73.00179,33.93634,70.50133,33.54725,72.49399,LC08_L1TP_151036_20170815_20170825_01_T1,LC81510362017227LGN00,https://earthexplorer.usgs.gov/browse-link/12864/LC81510362017227LGN00
LC08_L1TP_151036_20170612_20170628_01_T1,LC81510362017163LGN00,2017/06/12,T1,1, 151, 036, 151, 036,NADIR,-.001,2017/06/28,2017:163:05:47:34.9301220,2017:163:05:48:06.7001200,LGN,DAY,6.79,6.79,341,4,8.243,5.339,6.281,9,LPGS_2.7.0,68.22062369,116.06204244,FINAL,OLI_TIRS_L1TP,OLI_TIRS,15401,15121,7701,7561,7701,7561,UTM,42,WGS84,WGS84,15,30,30,LO8BPF20170612051521_20170612061106.01,LT8BPF20170610053508_20170624082615.01,LC08CPF_20170401_20170630_01.03,LC08RLUT_20150303_20431231_01_12.h5,34°36'37.91"N,71°44'23.10"E,35°39'35.75"N,70°57'53.14"E,35°16'12.79"N,72°59'56.18"E,33°56'10.39"N,70°29'54.92"E,33°32'49.34"N,72°29'27.46"E,34.61053,71.73975,35.65993,70.96476,35.27022,72.99894,33.93622,70.49859,33.54704,72.49096,LC08_L1TP_151036_20170612_20170628_01_T1,LC81510362017163LGN00,https://earthexplorer.usgs.gov/browse-link/12864/LC81510362017163LGN00
LC08_L1TP_151036_20170527_20170615_01_T1,LC81510362017147LGN00,2017/05/27,T1,1, 151, 036, 151, 036,NADIR,-.001,2017/06/15,2017:147:05:47:27.3605500,2017:147:05:47:59.1305480,LGN,DAY,1.36,1.36,412,4,8.138,5.063,6.371,9,LPGS_2.7.0,67.54497361,120.85627179,FINAL,OLI_TIRS_L1TP,OLI_TIRS,15401,15121,7701,7561,7701,7561,UTM,42,WGS84,WGS84,15,30,30,LO8BPF20170527051513_20170527061059.01,LT8BPF20170524093008_20170610031353.01,LC08CPF_20170401_20170630_01.03,LC08RLUT_20150303_20431231_01_12.h5,34°36'38.92"N,71°44'36.17"E,35°39'36.65"N,70°58'05.66"E,35°16'13.33"N,73°00'09.83"E,33°56'11.69"N,70°30'07.45"E,33°32'50.28"N,72°29'41.10"E,34.61081,71.74338,35.66018,70.96824,35.27037,73.00273,33.93658,70.50207,33.5473,72.49475,LC08_L1TP_151036_20170527_20170615_01_T1,LC81510362017147LGN00,https://earthexplorer.usgs.gov/browse-link/12864/LC81510362017147LGN00
LC08_L1TP_151036_20170425_20170502_01_T1,LC81510362017115LGN00,2017/04/25,T1,1, 151, 036, 151, 036,NADIR,-.001,2017/05/02,2017:115:05:47:14.3782970,2017:115:05:47:46.1482950,LGN,DAY,2.49,2.49,415,4,7.423,4.756,5.7,9,LPGS_2.7.0,61.48249938,133.35629638,FINAL,OLI_TIRS_L1TP,OLI_TIRS,15401,15101,7701,7551,7701,7551,UTM,42,WGS84,WGS84,15,30,30,LO8BPF20170425053407_20170425061046.01,LT8BPF20170411182527_20170426213730.01,LC08CPF_20170401_20170630_01.02,LC08RLUT_20150303_20431231_01_12.h5,34°36'38.52"N,71°43'07.18"E,35°39'34.13"N,70°56'33.72"E,35°16'15.96"N,72°58'37.99"E,33°56'08.05"N,70°28'41.52"E,33°32'51.76"N,72°28'15.20"E,34.6107,71.71866,35.65948,70.9427,35.2711,72.97722,33.93557,70.4782,33.54771,72.47089,LC08_L1TP_151036_20170425_20170502_01_T1,LC81510362017115LGN00,https://earthexplorer.usgs.gov/browse-link/12864/LC81510362017115LGN00
LC08_L1TP_151036_20170409_20170414_01_T1,LC81510362017099LGN00,2017/04/09,T1,1, 151, 036, 151, 036,NADIR,-.001,2017/04/14,2017:099:05:47:24.5050140,2017:099:05:47:56.2750110,LGN,DAY,1.37,1.37,448,4,7.252,4.997,5.255,9,LPGS_2.7.0,56.43415507,138.36412437,FINAL,OLI_TIRS_L1TP,OLI_TIRS,15401,15101,7701,7551,7701,7551,UTM,42,WGS84,WGS84,15,30,30,LO8BPF20170409053417_20170409061743.01,LT8BPF20170327085754_20170411160422.01,LC08CPF_20170401_20170630_01.02,LC08RLUT_20150303_20431231_01_12.h5,34°36'38.12"N,71°43'17.80"E,35°39'33.91"N,70°56'44.52"E,35°16'15.53"N,72°58'48.65"E,33°56'07.80"N,70°28'52.07"E,33°32'51.29"N,72°28'25.64"E,34.61059,71.72161,35.65942,70.9457,35.27098,72.98018,33.9355,70.48113,33.54758,72.47379,LC08_L1TP_151036_20170409_20170414_01_T1,LC81510362017099LGN00,https://earthexplorer.usgs.gov/browse-link/12864/LC81510362017099LGN00
LC08_L1TP_151036_20170220_20170301_01_T1,LC81510362017051LGN00,2017/02/20,T1,1, 151, 036, 151, 036,NADIR,-.001,2017/03/01,2017:051:05:47:48.5642470,2017:051:05:48:20.3342440,LGN,DAY,4.01,4.01,442,4,7.58,5.66,5.042,9,LPGS_2.7.0,38.88052852,148.22082853,FINAL,OLI_TIRS_L1TP,OLI_TIRS,15401,15101,7701,7551,7701,7551,UTM,42,WGS84,WGS84,15,30,30,LO8BPF20170220053553_20170220062319.01,LT8BPF20170211153314_20170225082016.01,LC08CPF_20170101_20170331_01.02,LC08RLUT_20150303_20431231_01_12.h5,34°36'38.41"N,71°43'56.39"E,35°39'34.78"N,70°57'23.62"E,35°16'15.46"N,72°59'27.78"E,33°56'08.77"N,70°29'30.08"E,33°32'51.29"N,72°29'03.66"E,34.61067,71.73233,35.65966,70.95656,35.27096,72.99105,33.93577,70.49169,33.54758,72.48435,LC08_L1TP_151036_20170220_20170301_01_T1,LC81510362017051LGN00,https://earthexplorer.usgs.gov/browse-link/12864/LC81510362017051LGN00
LC08_L1TP_151036_20161202_20170317_01_T1,LC81510362016337LGN01,2016/12/02,T1,1, 151, 036, 151, 036,NADIR,-.001,2017/03/17,2016:337:05:48:13.4579160,2016:337:05:48:45.2279130,LGN,DAY,7.03,7.03,464,4,7.381,5.393,5.04,9,LPGS_2.7.0,30.70125933,159.96923866,FINAL,OLI_TIRS_L1TP,OLI_TIRS,15401,15121,7701,7561,7701,7561,UTM,42,WGS84,WGS84,15,30,30,LO8BPF20161202053929_20161202062744.01,LT8BPF20161114203648_20161203213854.01,LC08CPF_20161001_20161231_01.01,LC08RLUT_20150303_20431231_01_12.h5,34°36'37.84"N,71°43'33.74"E,35°39'34.67"N,70°57'02.20"E,35°16'13.80"N,72°59'05.82"E,33°56'08.95"N,70°29'06.61"E,33°32'49.96"N,72°28'39.72"E,34.61051,71.72604,35.65963,70.95061,35.2705,72.98495,33.93582,70.48517,33.54721,72.4777,LC08_L1TP_151036_20161202_20170317_01_T1,LC81510362016337LGN01,https://earthexplorer.usgs.gov/browse-link/12864/LC81510362016337LGN01
LC08_L1TP_151036_20161031_20170318_01_T1,LC81510362016305LGN01,2016/10/31,T1,1, 151, 036, 151, 036,NADIR,-.001,2017/03/18,2016:305:05:48:14.7199050,2016:305:05:48:46.4899020,LGN,DAY,1.09,1.09,498,4,6.689,5.088,4.341,9,LPGS_2.7.0,38.52438855,158.70774367,FINAL,OLI_TIRS_L1TP,OLI_TIRS,15401,15121,7701,7561,7701,7561,UTM,42,WGS84,WGS84,15,30,30,LO8BPF20161031053731_20161031062345.02,LT8BPF20161016160913_20161031081406.01,LC08CPF_20161001_20161231_01.01,LC08RLUT_20150303_20431231_01_12.h5,34°36'38.45"N,71°43'50.20"E,35°39'35.60"N,70°57'18.79"E,35°16'14.05"N,72°59'22.81"E,33°56'10.18"N,70°29'22.45"E,33°32'50.57"N,72°28'55.92"E,34.61068,71.73061,35.65989,70.95522,35.27057,72.98967,33.93616,70.48957,33.54738,72.4822,LC08_L1TP_151036_20161031_20170318_01_T1,LC81510362016305LGN01,https://earthexplorer.usgs.gov/browse-link/12864/LC81510362016305LGN01
LC08_L1TP_151036_20161015_20170319_01_T1,LC81510362016289LGN01,2016/10/15,T1,1, 151, 036, 151, 036,NADIR,-.001,2017/03/19,2016:289:05:48:13.4407580,2016:289:05:48:45.2107550,LGN,DAY,.42,.42,497,4,6.481,4.832,4.319,9,LPGS_2.7.0,43.62007345,155.64870061,FINAL,OLI_TIRS_L1TP,OLI_TIRS,15401,15101,7701,7551,7701,7551,UTM,42,WGS84,WGS84,15,30,30,LO8BPF20161015053530_20161015062344.01,LT8BPF20161002091459_20161016134802.01,LC08CPF_20161001_20161231_01.01,LC08RLUT_20150303_20431231_01_12.h5,34°36'38.56"N,71°44'06.04"E,35°39'35.75"N,70°57'34.56"E,35°16'13.80"N,72°59'38.98"E,33°56'10.39"N,70°29'37.97"E,33°32'50.32"N,72°29'11.87"E,34.61071,71.73501,35.65993,70.9596,35.2705,72.99416,33.93622,70.49388,33.54731,72.48663,LC08_L1TP_151036_20161015_20170319_01_T1,LC81510362016289LGN01,https://earthexplorer.usgs.gov/browse-link/12864/LC81510362016289LGN01
LC08_L1TP_151036_20160913_20170321_01_T1,LC81510362016257LGN01,2016/09/13,T1,1, 151, 036, 151, 036,NADIR,-.001,2017/03/21,2016:257:05:48:07.4108100,2016:257:05:48:39.1808070,LGN,DAY,6.81,6.81,415,4,7.465,5.206,5.351,9,LPGS_2.7.0,53.8145347,144.4506917,FINAL,OLI_TIRS_L1TP,OLI_TIRS,15401,15121,7701,7561,7701,7561,UTM,42,WGS84,WGS84,15,30,30,LO8BPF20160913053500_20160913061938.01,LT8BPF20160902084122_20160917074027.02,LC08CPF_20160701_20160930_01.01,LC08RLUT_20150303_20431231_01_12.h5,34°36'39.06"N,71°44'43.33"E,35°39'36.54"N,70°58'12.47"E,35°16'14.20"N,73°00'16.38"E,33°56'11.33"N,70°30'15.19"E,33°32'50.86"N,72°29'48.55"E,34.61085,71.74537,35.66015,70.97013,35.27061,73.00455,33.93648,70.50422,33.54746,72.49682,LC08_L1TP_151036_20160913_20170321_01_T1,LC81510362016257LGN01,https://earthexplorer.usgs.gov/browse-link/12864/LC81510362016257LGN01
LC08_L1TP_151036_20160609_20170324_01_T1,LC81510362016161LGN01,2016/06/09,T1,1, 151, 036, 151, 036,NADIR,-.001,2017/03/24,2016:161:05:47:34.9958730,2016:161:05:48:06.7658700,LGN,DAY,2.42,2.42,404,4,8.499,5.185,6.734,9,LPGS_2.7.0,68.21200025,116.70066877,FINAL,OLI_TIRS_L1TP,OLI_TIRS,15401,15121,7701,7561,7701,7561,UTM,42,WGS84,WGS84,15,30,30,LO8BPF20160609051833_20160609061106.01,LT8BPF20160606063351_20160620173313.01,LC08CPF_20160401_20160630_01.01,LC08RLUT_20150303_20431231_01_12.h5,34°36'37.84"N,71°45'02.77"E,35°39'35.60"N,70°58'32.45"E,35°16'12.40"N,73°00'36.32"E,33°56'10.43"N,70°30'34.24"E,33°32'49.20"N,72°30'07.60"E,34.61051,71.75077,35.65989,70.97568,35.27011,73.01009,33.93623,70.50951,33.547,72.50211,LC08_L1TP_151036_20160609_20170324_01_T1,LC81510362016161LGN01,https://earthexplorer.usgs.gov/browse-link/12864/LC81510362016161LGN01
LC08_L1TP_151036_20160508_20170325_01_T1,LC81510362016129LGN01,2016/05/08,T1,1, 151, 036, 151, 036,NADIR,-.001,2017/03/25,2016:129:05:47:28.4707930,2016:129:05:48:00.2407890,LGN,DAY,2.81,2.81,419,4,7.839,4.977,6.056,9,LPGS_2.7.0,64.76916229,128.40712223,FINAL,OLI_TIRS_L1TP,OLI_TIRS,15401,15121,7701,7561,7701,7561,UTM,42,WGS84,WGS84,15,30,30,LO8BPF20160508051827_20160508061100.01,LT8BPF20160507073845_20160522095010.01,LC08CPF_20160401_20160630_01.01,LC08RLUT_20150303_20431231_01_12.h5,34°36'39.13"N,71°43'02.21"E,35°39'37.12"N,70°56'33.00"E,35°16'13.98"N,72°58'34.97"E,33°56'11.65"N,70°28'34.21"E,33°32'50.42"N,72°28'05.74"E,34.61087,71.71728,35.66031,70.9425,35.27055,72.97638,33.93657,70.47617,33.54734,72.46826,LC08_L1TP_151036_20160508_20170325_01_T1,LC81510362016129LGN01,https://earthexplorer.usgs.gov/browse-link/12864/LC81510362016129LGN01
LC08_L1TP_151036_20160321_20170327_01_T1,LC81510362016081LGN01,2016/03/21,T1,1, 151, 036, 151, 036,NADIR,-.001,2017/03/27,2016:081:05:47:40.3265280,2016:081:05:48:12.0965240,LGN,DAY,1.71,1.71,431,4,6.963,4.844,5.002,9,LPGS_2.7.0,49.57877011,142.81890981,FINAL,OLI_TIRS_L1TP,OLI_TIRS,15401,15101,7701,7551,7701,7551,UTM,42,WGS84,WGS84,15,30,30,LO8BPF20160321053433_20160321061959.01,LT8BPF20160309080230_20160324033852.01,LC08CPF_20160101_20160331_01.01,LC08RLUT_20150303_20431231_01_12.h5,34°36'37.91"N,71°43'32.12"E,35°39'34.06"N,70°56'59.17"E,35°16'14.70"N,72°59'03.62"E,33°56'08.30"N,70°29'05.71"E,33°32'50.86"N,72°28'39.54"E,34.61053,71.72559,35.65946,70.94977,35.27075,72.98434,33.93564,70.48492,33.54746,72.47765,LC08_L1TP_151036_20160321_20170327_01_T1,LC81510362016081LGN01,https://earthexplorer.usgs.gov/browse-link/12864/LC81510362016081LGN01
LC08_L1TP_151036_20160218_20170329_01_T1,LC81510362016049LGN01,2016/02/18,T1,1, 151, 036, 151, 036,NADIR,-.001,2017/03/29,2016:049:05:47:47.3576510,2016:049:05:48:19.1276470,LGN,DAY,4.09,4.09,423,4,7.257,5.324,4.932,9,LPGS_2.7.0,37.97576068,148.70328936,FINAL,OLI_TIRS_L1TP,OLI_TIRS,15401,15121,7701,7561,7701,7561,UTM,42,WGS84,WGS84,15,30,30,LO8BPF20160218053616_20160218063952.01,LT8BPF20160208080723_20160223100557.01,LC08CPF_20160101_20160331_01.01,LC08RLUT_20150303_20431231_01_12.h5,34°36'38.81"N,71°44'56.76"E,35°39'35.21"N,70°58'24.42"E,35°16'15.17"N,73°00'28.73"E,33°56'09.46"N,70°30'30.02"E,33°32'51.29"N,72°30'03.74"E,34.61078,71.7491,35.65978,70.97345,35.27088,73.00798,33.93596,70.50834,33.54758,72.50104,LC08_L1TP_151036_20160218_20170329_01_T1,LC81510362016049LGN01,https://earthexplorer.usgs.gov/browse-link/12864/LC81510362016049LGN01
LC08_L1TP_151036_20160202_20180525_01_T1,LC81510362016033LGN02,2016/02/02,T1,1, 151, 036, 151, 036,NADIR,-.001,2018/05/25,2016:033:05:47:56.5284550,2016:033:05:48:28.2984510,LGN,DAY,1.92,1.92,439,4,7.689,5.676,5.186,9,LPGS_13.1.0,33.36057834,151.51036169,FINAL,OLI_TIRS_L1TP,OLI_TIRS,15401,15121,7701,7561,7701,7561,UTM,42,WGS84,WGS84,15,30,30,LO8BPF20160202053800_20160202071654.01,LT8BPF20160124171309_20160208072447.01,LC08CPF_20160101_20160331_01.01,LC08RLUT_20150303_20431231_01_12.h5,34°36'39.10"N,71°43'45.41"E,35°39'35.75"N,70°57'13.07"E,35°16'15.42"N,72°59'17.38"E,33°56'10.03"N,70°29'18.31"E,33°32'51.58"N,72°28'52.03"E,34.61086,71.72928,35.65993,70.95363,35.27095,72.98816,33.93612,70.48842,33.54766,72.48112,LC08_L1TP_151036_20160202_20180525_01_T1,LC81510362016033LGN02,https://earthexplorer.usgs.gov/browse-link/12864/LC81510362016033LGN02
LC08_L1TP_151036_20160117_20170405_01_T1,LC81510362016017LGN02,2016/01/17,T1,1, 151, 036, 151, 036,NADIR,-.001,2017/04/05,2016:017:05:47:58.8708570,2016:017:05:48:30.6408530,LGN,DAY,6.44,6.44,398,4,7.665,5.523,5.315,9,LPGS_2.7.0,30.1570439,154.2899528,FINAL,OLI_TIRS_L1TP,OLI_TIRS,15401,15121,7701,7561,7701,7561,UTM,42,WGS84,WGS84,15,30,30,LO8BPF20160117053914_20160117062330.01,LT8BPF20160110081635_20160124145303.01,LC08CPF_20160101_20160331_01.01,LC08RLUT_20150303_20431231_01_12.h5,34°36'38.38"N,71°44'00.38"E,35°39'34.96"N,70°57'28.62"E,35°16'14.34"N,72°59'32.57"E,33°56'09.46"N,70°29'33.36"E,33°32'50.75"N,72°29'06.76"E,34.61066,71.73344,35.65971,70.95795,35.27065,72.99238,33.93596,70.4926,33.54743,72.48521,LC08_L1TP_151036_20160117_20170405_01_T1,LC81510362016017LGN02,https://earthexplorer.usgs.gov/browse-link/12864/LC81510362016017LGN02
LC08_L1TP_151036_20160101_20170404_01_T1,LC81510362016001LGN02,2016/01/01,T1,1, 151, 036, 151, 036,NADIR,-.001,2017/04/04,2016:001:05:48:00.0831570,2016:001:05:48:31.8531540,LGN,DAY,3.83,3.83,420,4,8.03,5.895,5.453,9,LPGS_2.7.0,28.68113916,156.87101549,FINAL,OLI_TIRS_L1TP,OLI_TIRS,15401,15121,7701,7561,7701,7561,UTM,42,WGS84,WGS84,15,30,30,LO8BPF20160101053940_20160101062755.01,LT8BPF20151225202015_20160110080819.04,LC08CPF_20160101_20160331_01.01,LC08RLUT_20150303_20431231_01_12.h5,34°36'37.94"N,71°44'15.72"E,35°39'34.74"N,70°57'44.28"E,35°16'13.94"N,72°59'47.76"E,33°56'09.17"N,70°29'48.66"E,33°32'50.32"N,72°29'21.59"E,34.61054,71.7377,35.65965,70.9623,35.27054,72.9966,33.93588,70.49685,33.54731,72.48933,LC08_L1TP_151036_20160101_20170404_01_T1,LC81510362016001LGN02,https://earthexplorer.usgs.gov/browse-link/12864/LC81510362016001LGN02
LC08_L1TP_151036_20151216_20170331_01_T1,LC81510362015350LGN01,2015/12/16,T1,1, 151, 036, 151, 036,NADIR,-.001,2017/03/31,2015:350:05:48:01.7668210,2015:350:05:48:33.5368170,LGN,DAY,8.99,8.99,424,4,7.949,5.779,5.458,9,LPGS_2.7.0,29.04977592,158.91294732,ACTUAL,OLI_TIRS_L1TP,OLI_TIRS,15401,15121,7701,7561,7701,7561,UTM,42,WGS84,WGS84,15,30,30,LO8BPF20151216054005_20151216062756.01,LT8BPF20151211180214_20151225175916.04,LC08CPF_20151001_20151231_01.01,LC08RLUT_20150303_20431231_01_12.h5,34°36'39.56"N,71°44'09.92"E,35°39'36.47"N,70°57'38.27"E,35°16'15.24"N,72°59'42.50"E,33°56'11.08"N,70°29'42.32"E,33°32'51.79"N,72°29'15.97"E,34.61099,71.73609,35.66013,70.96063,35.2709,72.99514,33.93641,70.49509,33.54772,72.48777,LC08_L1TP_151036_20151216_20170331_01_T1,LC81510362015350LGN01,https://earthexplorer.usgs.gov/browse-link/12864/LC81510362015350LGN01
LC08_L1TP_151036_20151130_20170401_01_T1,LC81510362015334LGN01,2015/11/30,T1,1, 151, 036, 151, 036,NADIR,-.001,2017/04/01,2015:334:05:48:02.7748450,2015:334:05:48:34.5448410,LGN,DAY,4.46,4.46,419,4,7.463,5.522,5.021,9,LPGS_2.7.0,31.17105156,160.04834044,FINAL,OLI_TIRS_L1TP,OLI_TIRS,15401,15121,7701,7561,7701,7561,UTM,42,WGS84,WGS84,15,30,30,LO8BPF20151130053918_20151130062733.01,LT8BPF20151126105640_20151211174838.04,LC08CPF_20151001_20151231_01.01,LC08RLUT_20150303_20431231_01_12.h5,34°36'38.09"N,71°43'59.81"E,35°39'35.17"N,70°57'28.48"E,35°16'13.73"N,72°59'32.39"E,33°56'09.67"N,70°29'32.24"E,33°32'50.10"N,72°29'05.60"E,34.61058,71.73328,35.65977,70.95791,35.27048,72.99233,33.93602,70.49229,33.54725,72.48489,LC08_L1TP_151036_20151130_20170401_01_T1,LC81510362015334LGN01,https://earthexplorer.usgs.gov/browse-link/12864/LC81510362015334LGN01
LC08_L1TP_151036_20151114_20180525_01_T1,LC81510362015318LGN02,2015/11/14,T1,1, 151, 036, 151, 036,NADIR,-.001,2018/05/25,2015:318:05:48:00.1566630,2015:318:05:48:31.9266600,LGN,DAY,2.07,2.07,456,4,7.41,5.399,5.076,9,LPGS_13.1.0,34.74726154,159.91138723,FINAL,OLI_TIRS_L1TP,OLI_TIRS,15401,15121,7701,7561,7701,7561,UTM,42,WGS84,WGS84,15,30,30,LO8BPF20151114053804_20151114062331.01,LT8BPF20151113130336_20151126083607.05,LC08CPF_20151001_20151231_01.01,LC08RLUT_20150303_20431231_01_12.h5,34°36'37.84"N,71°44'33.43"E,35°39'34.99"N,70°58'02.06"E,35°16'13.12"N,73°00'06.44"E,33°56'09.71"N,70°30'05.51"E,33°32'49.74"N,72°29'39.37"E,34.61051,71.74262,35.65972,70.96724,35.27031,73.00179,33.93603,70.50153,33.54715,72.49427,LC08_L1TP_151036_20151114_20180525_01_T1,LC81510362015318LGN02,https://earthexplorer.usgs.gov/browse-link/12864/LC81510362015318LGN02
LC08_L1TP_151036_20151029_20170402_01_T1,LC81510362015302LGN01,2015/10/29,T1,1, 151, 036, 151, 036,NADIR,-.001,2017/04/02,2015:302:05:47:59.9582430,2015:302:05:48:31.7282400,LGN,DAY,1.52,1.52,483,4,6.61,4.789,4.556,9,LPGS_2.7.0,39.35434959,158.23967927,ACTUAL,OLI_TIRS_L1TP,OLI_TIRS,15401,15121,7701,7561,7701,7561,UTM,42,WGS84,WGS84,15,30,30,LO8BPF20151029053652_20151029062331.01,LT8BPF20151029053258_20151029062444.01,LC08CPF_20151001_20151231_01.01,LC08RLUT_20150303_20431231_01_12.h5,34°36'38.05"N,71°44'14.93"E,35°39'35.42"N,70°57'43.52"E,35°16'13.26"N,72°59'48.01"E,33°56'10.14"N,70°29'46.75"E,33°32'49.88"N,72°29'20.65"E,34.61057,71.73748,35.65984,70.96209,35.27035,72.99667,33.93615,70.49632,33.54719,72.48907,LC08_L1TP_151036_20151029_20170402_01_T1,LC81510362015302LGN01,https://earthexplorer.usgs.gov/browse-link/12864/LC81510362015302LGN01
LC08_L1TP_151036_20151013_20170403_01_T1,LC81510362015286LGN01,2015/10/13,T1,1, 151, 036, 151, 036,NADIR,-.001,2017/04/03,2015:286:05:47:54.2115000,2015:286:05:48:25.9814970,LGN,DAY,2.32,2.32,460,4,6.564,4.772,4.507,9,LPGS_2.7.0,44.502883,154.86474434,ACTUAL,OLI_TIRS_L1TP,OLI_TIRS,15401,15121,7701,7561,7701,7561,UTM,42,WGS84,WGS84,15,30,30,LO8BPF20151013053511_20151013062301.01,LT8BPF20151013053117_20151013062415.01,LC08CPF_20151001_20151231_01.01,LC08RLUT_20150303_20431231_01_12.h5,34°36'38.99"N,71°45'07.70"E,35°39'36.54"N,70°58'36.77"E,35°16'14.12"N,73°00'40.79"E,33°56'11.29"N,70°30'39.46"E,33°32'50.75"N,72°30'12.96"E,34.61083,71.75214,35.66015,70.97688,35.27059,73.01133,33.93647,70.51096,33.54743,72.5036,LC08_L1TP_151036_20151013_20170403_01_T1,LC81510362015286LGN01,https://earthexplorer.usgs.gov/browse-link/12864/LC81510362015286LGN01
LC08_L1TP_151036_20150911_20180525_01_T1,LC81510362015254LGN02,2015/09/11,T1,1, 151, 036, 151, 036,NADIR,-.001,2018/05/25,2015:254:05:47:47.5235630,2015:254:05:48:19.2935590,LGN,DAY,.62,.62,482,4,7.001,4.68,5.206,9,LPGS_13.1.0,54.57510878,143.094216,ACTUAL,OLI_TIRS_L1TP,OLI_TIRS,15401,15121,7701,7561,7701,7561,UTM,42,WGS84,WGS84,15,30,30,LO8BPF20150911053441_20150911061854.01,LT8BPF20150911053047_20150911062008.01,LC08CPF_20150701_20150930_01.01,LC08RLUT_20150303_20431231_01_12.h5,34°36'38.12"N,71°44'52.62"E,35°39'35.78"N,70°58'22.15"E,35°16'12.72"N,73°00'26.21"E,33°56'10.61"N,70°30'24.30"E,33°32'49.49"N,72°29'57.84"E,34.61059,71.74795,35.65994,70.97282,35.2702,73.00728,33.93628,70.50675,33.54708,72.4994,LC08_L1TP_151036_20150911_20180525_01_T1,LC81510362015254LGN02,https://earthexplorer.usgs.gov/browse-link/12864/LC81510362015254LGN02
LC08_L1TP_151036_20150826_20170405_01_T1,LC81510362015238LGN01,2015/08/26,T1,1, 151, 036, 151, 036,NADIR,-.001,2017/04/05,2015:238:05:47:40.9393140,2015:238:05:48:12.7093100,LGN,DAY,.75,.75,463,4,7.48,4.945,5.613,9,LPGS_2.7.0,58.78381622,135.33145275,ACTUAL,OLI_TIRS_L1TP,OLI_TIRS,15401,15121,7701,7561,7701,7561,UTM,42,WGS84,WGS84,15,30,30,LO8BPF20150826053434_20150826061712.01,LT8BPF20150826053040_20150826061826.01,LC08CPF_20150701_20150930_01.01,LC08RLUT_20150303_20431231_01_12.h5,34°36'39.56"N,71°45'11.16"E,35°39'37.48"N,70°58'41.34"E,35°16'14.41"N,73°00'44.42"E,33°56'12.08"N,70°30'43.02"E,33°32'50.96"N,72°30'15.59"E,34.61099,71.7531,35.66041,70.97815,35.27067,73.01234,33.93669,70.51195,33.54749,72.50433,LC08_L1TP_151036_20150826_20170405_01_T1,LC81510362015238LGN01,https://earthexplorer.usgs.gov/browse-link/12864/LC81510362015238LGN01
LC08_L1TP_151036_20150607_20170408_01_T1,LC81510362015158LGN01,2015/06/07,T1,1, 151, 036, 151, 036,NADIR,-.001,2017/04/08,2015:158:05:47:06.0989460,2015:158:05:47:37.8689420,LGN,DAY,1.46,1.46,402,4,8.372,5.246,6.524,9,LPGS_2.7.0,68.06579404,117.23302631,ACTUAL,OLI_TIRS_L1TP,OLI_TIRS,15401,15121,7701,7561,7701,7561,UTM,42,WGS84,WGS84,15,30,30,LO8BPF20150607053402_20150607061037.01,LT8BPF20150607053005_20150607061132.01,LC08CPF_20150401_20150630_01.01,LC08RLUT_20150303_20431231_01_12.h5,34°36'39.17"N,71°44'34.84"E,35°39'37.15"N,70°58'04.76"E,35°16'13.37"N,73°00'08.60"E,33°56'12.26"N,70°30'05.83"E,33°32'50.42"N,72°29'39.16"E,34.61088,71.74301,35.66032,70.96799,35.27038,73.00239,33.93674,70.50162,33.54734,72.49421,LC08_L1TP_151036_20150607_20170408_01_T1,LC81510362015158LGN01,https://earthexplorer.usgs.gov/browse-link/12864/LC81510362015158LGN01
LC08_L1TP_151036_20150522_20170408_01_T1,LC81510362015142LGN01,2015/05/22,T1,1, 151, 036, 151, 036,NADIR,-.001,2017/04/08,2015:142:05:46:56.9231540,2015:142:05:47:28.6931500,LGN,DAY,2.99,2.99,402,4,8.058,5.015,6.307,9,LPGS_2.7.0,66.87693334,122.79648277,ACTUAL,OLI_TIRS_L1TP,OLI_TIRS,15401,15121,7701,7561,7701,7561,UTM,42,WGS84,WGS84,15,30,30,LO8BPF20150522053353_20150522061028.01,LT8BPF20150522053000_20150522061122.01,LC08CPF_20150401_20150630_01.01,LC08RLUT_20150303_20431231_01_12.h5,34°36'38.81"N,71°44'35.38"E,35°39'36.79"N,70°58'06.06"E,35°16'13.04"N,73°00'09.22"E,33°56'11.72"N,70°30'06.84"E,33°32'49.88"N,72°29'39.55"E,34.61078,71.74316,35.66022,70.96835,35.27029,73.00256,33.93659,70.5019,33.54719,72.49432,LC08_L1TP_151036_20150522_20170408_01_T1,LC81510362015142LGN01,https://earthexplorer.usgs.gov/browse-link/12864/LC81510362015142LGN01
LC08_L1TP_151036_20150506_20170409_01_T1,LC81510362015126LGN01,2015/05/06,T1,1, 151, 036, 151, 036,NADIR,-.001,2017/04/09,2015:126:05:47:01.7412490,2015:126:05:47:33.5112450,LGN,DAY,8.71,8.71,429,4,8.008,5.039,6.225,9,LPGS_2.7.0,64.09217752,129.29699548,ACTUAL,OLI_TIRS_L1TP,OLI_TIRS,15401,15121,7701,7561,7701,7561,UTM,42,WGS84,WGS84,15,30,30,LO8BPF20150506053358_20150506061033.01,LT8BPF20150506053005_20150506061127.01,LC08CPF_20150401_20150630_01.01,LC08RLUT_20150303_20431231_01_12.h5,34°36'38.84"N,71°41'50.28"E,35°39'34.49"N,70°55'17.29"E,35°16'16.93"N,72°57'20.09"E,33°56'07.94"N,70°27'25.45"E,33°32'52.26"N,72°26'57.70"E,34.61079,71.6973,35.65958,70.92147,35.27137,72.95558,33.93554,70.45707,33.54785,72.44936,LC08_L1TP_151036_20150506_20170409_01_T1,LC81510362015126LGN01,https://earthexplorer.usgs.gov/browse-link/12864/LC81510362015126LGN01
LC08_L1TP_151036_20150404_20170411_01_T1,LC81510362015094LGN01,2015/04/04,T1,1, 151, 036, 151, 036,NADIR,-.001,2017/04/11,2015:094:05:47:16.2954920,2015:094:05:47:48.0654880,LGN,DAY,7.91,7.91,317,4,7.712,5.484,5.422,9,LPGS_2.7.0,54.4636872,139.74027286,ACTUAL,OLI_TIRS_L1TP,OLI_TIRS,15401,15121,7701,7561,7701,7561,UTM,42,WGS84,WGS84,15,30,30,LO8BPF20150404053413_20150404071154.01,LT8BPF20150404053019_20150404070800.01,LC08CPF_20150401_20150630_01.01,LC08RLUT_20150303_20431231_01_12.h5,34°36'38.81"N,71°43'51.17"E,35°39'34.60"N,70°57'17.28"E,35°16'16.10"N,72°59'22.38"E,33°56'08.74"N,70°29'24.94"E,33°32'52.08"N,72°28'59.41"E,34.61078,71.73088,35.65961,70.9548,35.27114,72.98955,33.93576,70.49026,33.5478,72.48317,LC08_L1TP_151036_20150404_20170411_01_T1,LC81510362015094LGN01,https://earthexplorer.usgs.gov/browse-link/12864/LC81510362015094LGN01
LC08_L1TP_151036_20150319_20170412_01_T1,LC81510362015078LGN01,2015/03/19,T1,1, 151, 036, 151, 036,NADIR,-.001,2017/04/12,2015:078:05:47:28.5179080,2015:078:05:48:00.2879040,LGN,DAY,1.7,1.7,391,4,7.477,5.502,5.064,9,LPGS_2.7.0,48.50495204,143.30504217,ACTUAL,OLI_TIRS_L1TP,OLI_TIRS,15401,15101,7701,7551,7701,7551,UTM,42,WGS84,WGS84,15,30,30,LO8BPF20150319053425_20150319062011.03,LT8BPF20150319053031_20150319062105.07,LC08CPF_20150302_20150331_01.01,LC08RLUT_20150303_20431231_01_12.h5,34°36'37.76"N,71°43'19.27"E,35°39'33.70"N,70°56'45.28"E,35°16'14.70"N,72°58'51.02"E,33°56'08.09"N,70°28'52.61"E,33°32'51.00"N,72°28'27.73"E,34.61049,71.72202,35.65936,70.94591,35.27075,72.98084,33.93558,70.48128,33.5475,72.47437,LC08_L1TP_151036_20150319_20170412_01_T1,LC81510362015078LGN01,https://earthexplorer.usgs.gov/browse-link/12864/LC81510362015078LGN01
LC08_L1TP_151036_20150114_20180525_01_T1,LC81510362015014LGN02,2015/01/14,T1,1, 151, 036, 151, 036,NADIR,-.001,2018/05/25,2015:014:05:47:55.8457800,2015:014:05:48:27.6157770,LGN,DAY,3.04,3.04,398,4,8.115,5.91,5.562,9,LPGS_13.1.0,29.76773094,154.74414917,FINAL,OLI_TIRS_L1TP,OLI_TIRS,15401,15121,7701,7561,7701,7561,UTM,42,WGS84,WGS84,15,30,30,LO8BPF20150114053915_20150114062327.01,LT8BPF20150106000000_20150131235959.03,LC08CPF_20150101_20150302_01.01,LC08RLUT_20130211_20150302_01_11.h5,34°36'38.41"N,71°43'46.49"E,35°39'34.96"N,70°57'14.08"E,35°16'14.92"N,72°59'18.42"E,33°56'09.17"N,70°29'19.68"E,33°32'51.00"N,72°28'53.47"E,34.61067,71.72958,35.65971,70.95391,35.27081,72.98845,33.93588,70.4888,33.5475,72.48152,LC08_L1TP_151036_20150114_20180525_01_T1,LC81510362015014LGN02,https://earthexplorer.usgs.gov/browse-link/12864/LC81510362015014LGN02
LC08_L1TP_151036_20141229_20170415_01_T1,LC81510362014363LGN01,2014/12/29,T1,1, 151, 036, 151, 036,NADIR,-.001,2017/04/15,2014:363:05:47:56.8838760,2014:363:05:48:28.6538720,LGN,DAY,1.63,1.63,449,4,7.491,5.33,5.264,9,LPGS_2.7.0,28.6093958,157.26081755,FINAL,OLI_TIRS_L1TP,OLI_TIRS,15401,15121,7701,7561,7701,7561,UTM,42,WGS84,WGS84,15,30,30,LO8BPF20141229054003_20141229062751.01,LT8BPF20141222180001_20150106000000.02,LC08CPF_20141219_20141231_01.01,LC08RLUT_20130211_20150302_01_11.h5,34°36'37.87"N,71°44'37.21"E,35°39'34.52"N,70°58'05.05"E,35°16'14.23"N,73°00'09.04"E,33°56'08.81"N,70°30'10.19"E,33°32'50.39"N,72°29'43.62"E,34.61052,71.74367,35.65959,70.96807,35.27062,73.00251,33.93578,70.50283,33.54733,72.49545,LC08_L1TP_151036_20141229_20170415_01_T1,LC81510362014363LGN01,https://earthexplorer.usgs.gov/browse-link/12864/LC81510362014363LGN01
LC08_L1TP_151036_20141111_20170417_01_T1,LC81510362014315LGN01,2014/11/11,T1,1, 151, 036, 151, 036,NADIR,-.001,2017/04/17,2014:315:05:48:07.7911790,2014:315:05:48:39.5611750,LGN,DAY,1.85,1.85,483,4,7.024,5.227,4.692,9,LPGS_2.7.0,35.48633048,159.76057361,ACTUAL,OLI_TIRS_L1TP,OLI_TIRS,15401,15101,7701,7551,7701,7551,UTM,42,WGS84,WGS84,15,30,30,LO8BPF20141111053815_20141111062339.01,LT8BPF20141111053422_20141111062432.01,LC08CPF_20141001_20141208_01.01,LC08RLUT_20130211_20150302_01_11.h5,34°36'37.76"N,71°43'43.64"E,35°39'34.67"N,70°57'12.10"E,35°16'13.58"N,72°59'16.19"E,33°56'09.17"N,70°29'16.30"E,33°32'49.96"N,72°28'49.84"E,34.61049,71.72879,35.65963,70.95336,35.27044,72.98783,33.93588,70.48786,33.54721,72.48051,LC08_L1TP_151036_20141111_20170417_01_T1,LC81510362014315LGN01,https://earthexplorer.usgs.gov/browse-link/12864/LC81510362014315LGN01
LC08_L1TP_151036_20141010_20170418_01_T1,LC81510362014283LGN01,2014/10/10,T1,1, 151, 036, 151, 036,NADIR,-.001,2017/04/18,2014:283:05:48:05.7509820,2014:283:05:48:37.5209780,LGN,DAY,7.92,7.92,426,4,6.427,4.733,4.347,9,LPGS_2.7.0,45.42108737,154.15344346,ACTUAL,OLI_TIRS_L1TP,OLI_TIRS,15401,15121,7701,7561,7701,7561,UTM,42,WGS84,WGS84,15,30,30,LO8BPF20141010053701_20141010062249.01,LT8BPF20141010044449_20141010062342.01,LC08CPF_20141001_20141208_01.01,LC08RLUT_20130211_20150302_01_11.h5,34°36'38.05"N,71°44'23.93"E,35°39'35.17"N,70°57'52.31"E,35°16'13.30"N,72°59'57.16"E,33°56'09.85"N,70°29'55.90"E,33°32'49.88"N,72°29'30.16"E,34.61057,71.73998,35.65977,70.96453,35.27036,72.99921,33.93607,70.49886,33.54719,72.49171,LC08_L1TP_151036_20141010_20170418_01_T1,LC81510362014283LGN01,https://earthexplorer.usgs.gov/browse-link/12864/LC81510362014283LGN01
LC08_L1TP_151036_20140620_20170421_01_T1,LC81510362014171LGN01,2014/06/20,T1,1, 151, 036, 151, 036,NADIR,-.001,2017/04/21,2014:171:05:47:36.5960260,2014:171:05:48:08.3660220,LGN,DAY,5.97,5.97,352,4,8.292,5.31,6.369,9,LPGS_2.7.0,68.08094921,114.89215891,ACTUAL,OLI_TIRS_L1TP,OLI_TIRS,15401,15121,7701,7561,7701,7561,UTM,42,WGS84,WGS84,15,30,30,LO8BPF20140620053433_20140620061108.01,LT8BPF20140620053039_20140620061201.01,LC08CPF_20140401_20140630_01.01,LC08RLUT_20130211_20150302_01_11.h5,34°36'38.95"N,71°44'52.44"E,35°39'36.61"N,70°58'22.66"E,35°16'13.73"N,73°00'25.38"E,33°56'11.29"N,70°30'24.48"E,33°32'50.32"N,72°29'56.72"E,34.61082,71.7479,35.66017,70.97296,35.27048,73.00705,33.93647,70.5068,33.54731,72.49909,LC08_L1TP_151036_20140620_20170421_01_T1,LC81510362014171LGN01,https://earthexplorer.usgs.gov/browse-link/12864/LC81510362014171LGN01
LC08_L1TP_151036_20140604_20170422_01_T1,LC81510362014155LGN01,2014/06/04,T1,1, 151, 036, 151, 036,NADIR,-.001,2017/04/22,2014:155:05:47:31.8521350,2014:155:05:48:03.6221310,LGN,DAY,9.31,9.31,365,4,7.989,4.928,6.288,9,LPGS_2.7.0,68.04793898,118.19969639,ACTUAL,OLI_TIRS_L1TP,OLI_TIRS,15401,15121,7701,7561,7701,7561,UTM,42,WGS84,WGS84,15,30,30,LO8BPF20140604053428_20140604061103.01,LT8BPF20140604053034_20140604061156.01,LC08CPF_20140401_20140630_01.01,LC08RLUT_20130211_20150302_01_11.h5,34°36'38.41"N,71°44'23.53"E,35°39'36.11"N,70°57'53.68"E,35°16'13.12"N,72°59'56.65"E,33°56'10.72"N,70°29'55.46"E,33°32'49.63"N,72°29'27.92"E,34.61067,71.73987,35.66003,70.96491,35.27031,72.99907,33.93631,70.49874,33.54712,72.49109,LC08_L1TP_151036_20140604_20170422_01_T1,LC81510362014155LGN01,https://earthexplorer.usgs.gov/browse-link/12864/LC81510362014155LGN01
LC08_L1TP_151036_20140401_20170424_01_T1,LC81510362014091LGN01,2014/04/01,T1,1, 151, 036, 151, 036,NADIR,-.001,2017/04/24,2014:091:05:48:06.8148460,2014:091:05:48:38.5848420,LGN,DAY,2.46,2.46,375,4,7.356,5.402,4.993,9,LPGS_2.7.0,53.5618685,140.68279543,ACTUAL,OLI_TIRS_L1TP,OLI_TIRS,15401,15121,7701,7561,7701,7561,UTM,42,WGS84,WGS84,15,30,30,LO8BPF20140401053702_20140401061138.01,LT8BPF20140401053308_20140401061231.01,LC08CPF_20140401_20140630_01.01,LC08RLUT_20130211_20150302_01_11.h5,34°36'38.84"N,71°42'52.78"E,35°39'34.09"N,70°56'18.20"E,35°16'17.15"N,72°58'23.12"E,33°56'07.76"N,70°28'27.52"E,33°32'52.62"N,72°28'01.85"E,34.61079,71.71466,35.65947,70.93839,35.27143,72.97309,33.93549,70.47431,33.54795,72.46718,LC08_L1TP_151036_20140401_20170424_01_T1,LC81510362014091LGN01,https://earthexplorer.usgs.gov/browse-link/12864/LC81510362014091LGN01
LC08_L1TP_151036_20140228_20170425_01_T1,LC81510362014059LGN01,2014/02/28,T1,1, 151, 036, 151, 036,NADIR,-.001,2017/04/25,2014:059:05:48:33.2377880,2014:059:05:49:05.0077840,LGN,DAY,3.35,3.35,448,4,7.211,5.213,4.982,9,LPGS_2.7.0,41.63837437,147.0820693,ACTUAL,OLI_TIRS_L1TP,OLI_TIRS,15401,15101,7701,7551,7701,7551,UTM,42,WGS84,WGS84,15,30,30,LO8BPF20140228053729_20140228061204.01,LT8BPF20140228053335_20140228061257.01,LC08CPF_20140101_20140331_01.01,LC08RLUT_20130211_20150302_01_11.h5,34°36'38.34"N,71°43'28.16"E,35°39'34.02"N,70°56'56.54"E,35°16'17.29"N,72°58'56.75"E,33°56'06.68"N,70°29'04.63"E,33°32'51.76"N,72°28'34.36"E,34.61065,71.72449,35.65945,70.94904,35.27147,72.98243,33.93519,70.48462,33.54771,72.47621,LC08_L1TP_151036_20140228_20170425_01_T1,LC81510362014059LGN01,https://earthexplorer.usgs.gov/browse-link/12864/LC81510362014059LGN01
LC08_L1TP_151036_20140212_20170425_01_T1,LC81510362014043LGN01,2014/02/12,T1,1, 151, 036, 151, 036,NADIR,-.001,2017/04/25,2014:043:05:48:45.8446180,2014:043:05:49:17.6146150,LGN,DAY,1.27,1.27,433,4,7.791,5.636,5.379,9,LPGS_2.7.0,36.33974158,149.90187703,ACTUAL,OLI_TIRS_L1TP,OLI_TIRS,15401,15101,7701,7551,7701,7551,UTM,42,WGS84,WGS84,15,30,30,LO8BPF20140212044635_20140212062504.01,LT8BPF20140212044728_20140212062557.01,LC08CPF_20140101_20140331_01.01,LC08RLUT_20130211_20150302_01_11.h5,34°36'38.52"N,71°43'29.46"E,35°39'34.24"N,70°56'57.41"E,35°16'16.82"N,72°58'58.80"E,33°56'07.44"N,70°29'05.17"E,33°32'51.86"N,72°28'35.94"E,34.6107,71.72485,35.65951,70.94928,35.27134,72.983,33.9354,70.48477,33.54774,72.47665,LC08_L1TP_151036_20140212_20170425_01_T1,LC81510362014043LGN01,https://earthexplorer.usgs.gov/browse-link/12864/LC81510362014043LGN01
LC08_L1TP_151036_20140127_20170426_01_T1,LC81510362014027LGN01,2014/01/27,T1,1, 151, 036, 151, 036,NADIR,-.001,2017/04/26,2014:027:05:49:00.3825480,2014:027:05:49:32.1525440,LGN,DAY,2.33,2.33,462,4,7.507,5.563,5.041,9,LPGS_2.7.0,32.17036225,152.72813699,ACTUAL,OLI_TIRS_L1TP,OLI_TIRS,15381,15101,7691,7551,7691,7551,UTM,42,WGS84,WGS84,15,30,30,LO8BPF20140127053931_20140127062655.01,LT8BPF20140127053537_20140127062748.01,LC08CPF_20140101_20140331_01.01,LC08RLUT_20130211_20150302_01_11.h5,34°36'37.84"N,71°42'42.55"E,35°39'33.66"N,70°56'08.59"E,35°16'15.13"N,72°58'13.80"E,33°56'07.73"N,70°28'16.32"E,33°32'51.04"N,72°27'50.80"E,34.61051,71.71182,35.65935,70.93572,35.27087,72.9705,33.93548,70.4712,33.54751,72.46411,LC08_L1TP_151036_20140127_20170426_01_T1,LC81510362014027LGN01,https://earthexplorer.usgs.gov/browse-link/12864/LC81510362014027LGN01
LC08_L1TP_151036_20140111_20170426_01_T1,LC81510362014011LGN01,2014/01/11,T1,1, 151, 036, 151, 036,NADIR,-.001,2017/04/26,2014:011:05:49:08.1008740,2014:011:05:49:39.8708700,LGN,DAY,3.96,3.96,450,4,7.763,5.621,5.354,9,LPGS_2.7.0,29.53609628,155.4878539,ACTUAL,OLI_TIRS_L1TP,OLI_TIRS,15401,15121,7701,7561,7701,7561,UTM,42,WGS84,WGS84,15,30,30,LO8BPF20140111054314_20140111064108.01,LT8BPF20140111053920_20140111062931.01,LC08CPF_20140101_20140331_01.01,LC08RLUT_20130211_20150302_01_11.h5,34°36'38.95"N,71°43'20.53"E,35°39'34.81"N,70°56'45.17"E,35°16'15.31"N,72°58'53.40"E,33°56'09.89"N,70°28'52.57"E,33°32'52.22"N,72°28'30.07"E,34.61082,71.72237,35.65967,70.94588,35.27092,72.9815,33.93608,70.48127,33.54784,72.47502,LC08_L1TP_151036_20140111_20170426_01_T1,LC81510362014011LGN01,https://earthexplorer.usgs.gov/browse-link/12864/LC81510362014011LGN01
LC08_L1TP_151036_20131226_20170427_01_T1,LC81510362013360LGN01,2013/12/26,T1,1, 151, 036, 151, 036,NADIR,-.001,2017/04/27,2013:360:05:49:20.1491510,2013:360:05:49:51.9191470,LGN,DAY,9.42,9.42,403,4,7.931,5.719,5.495,9,LPGS_2.7.0,28.69387687,157.95332313,ACTUAL,OLI_TIRS_L1TP,OLI_TIRS,15381,15121,7691,7561,7691,7561,UTM,42,WGS84,WGS84,15,30,30,LO8BPF20131226054239_20131226062916.01,LT8BPF20131226053845_20131226063009.01,LC08CPF_20131026_20131231_01.01,LC08RLUT_20130211_20150302_01_11.h5,34°36'38.12"N,71°42'33.30"E,35°39'34.06"N,70°55'57.76"E,35°16'14.12"N,72°58'06.85"E,33°56'09.38"N,70°28'04.80"E,33°32'51.29"N,72°27'43.24"E,34.61059,71.70925,35.65946,70.93271,35.27059,72.96857,33.93594,70.468,33.54758,72.46201,LC08_L1TP_151036_20131226_20170427_01_T1,LC81510362013360LGN01,https://earthexplorer.usgs.gov/browse-link/12864/LC81510362013360LGN01
LC08_L1TP_151036_20131007_20170429_01_T1,LC81510362013280LGN01,2013/10/07,T1,1, 151, 036, 151, 036,NADIR,-.001,2017/04/29,2013:280:05:49:47.0593620,2013:280:05:50:18.8293580,LGN,DAY,9.67,9.67,395,4,6.775,4.867,4.714,9,LPGS_2.7.0,46.47813459,153.9027376,ACTUAL,OLI_TIRS_L1TP,OLI_TIRS,15401,15101,7701,7551,7701,7551,UTM,42,WGS84,WGS84,15,30,30,LO8BPF20131007053707_20131007061342.01,LT8BPF20131007053313_20131007061435.01,LC08CPF_20131001_20131025_01.01,LC08RLUT_20130211_20150302_01_11.h5,34°36'39.28"N,71°43'43.61"E,35°39'35.96"N,70°57'11.59"E,35°16'15.71"N,72°59'15.43"E,33°56'10.07"N,70°29'16.94"E,33°32'51.65"N,72°28'50.05"E,34.61091,71.72878,35.65999,70.95322,35.27103,72.98762,33.93613,70.48804,33.54768,72.48057,LC08_L1TP_151036_20131007_20170429_01_T1,LC81510362013280LGN01,https://earthexplorer.usgs.gov/browse-link/12864/LC81510362013280LGN01
LC08_L1TP_151036_20130703_20170503_01_T1,LC81510362013184LGN01,2013/07/03,T1,1, 151, 036, 151, 036,NADIR,-.001,2017/05/03,2013:184:05:49:52.4508640,2013:184:05:50:24.2208600,LGN,DAY,3.26,3.26,397,4,8.396,5.155,6.627,9,LPGS_2.7.0,67.70397172,115.77345489,ACTUAL,OLI_TIRS_L1TP,OLI_TIRS,15401,15101,7701,7551,7701,7551,UTM,42,WGS84,WGS84,15,30,30,LO8BPF20130703053713_20130703061348.01,LT8BPF20130703053319_20130703061441.01,LC08CPF_20130701_20130919_01.01,LC08RLUT_20130211_20150302_01_11.h5,34°36'39.10"N,71°44'19.97"E,35°39'36.43"N,70°57'51.30"E,35°16'15.82"N,72°59'50.10"E,33°56'09.74"N,70°29'54.56"E,33°32'51.04"N,72°29'22.81"E,34.61086,71.73888,35.66012,70.96425,35.27106,72.99725,33.93604,70.49849,33.54751,72.48967,LC08_L1TP_151036_20130703_20170503_01_T1,LC81510362013184LGN01,https://earthexplorer.usgs.gov/browse-link/12864/LC81510362013184LGN01
LC08_L1TP_151036_20130601_20170504_01_T1,LC81510362013152LGN01,2013/06/01,T1,1, 151, 036, 151, 036,NADIR,-.001,2017/05/04,2013:152:05:49:57.9373040,2013:152:05:50:27.7333240,LGN,DAY,1.49,1.49,393,4,8.085,5.01,6.345,9,LPGS_2.7.0,68.32853958,120.01112741,ACTUAL,OLI_TIRS_L1TP,OLI_TIRS,14541,14941,7271,7471,7271,7471,UTM,42,WGS84,WGS84,15,30,30,LO8BPF20130601052723_20130601060527.01,LT8BPF20130601052330_20130601060619.01,LC08CPF_20130401_20130627_01.01,LC08RLUT_20130211_20150302_01_11.h5,34°36'38.48"N,71°42'25.45"E,35°36'02.30"N,70°54'54.22"E,35°12'40.57"N,72°56'55.72"E,33°59'44.38"N,70°28'53.26"E,33°36'23.51"N,72°28'34.14"E,34.61069,71.70707,35.60064,70.91506,35.21127,72.94881,33.99566,70.48146,33.60653,72.47615,LC08_L1TP_151036_20130601_20170504_01_T1,LC81510362013152LGN01,https://earthexplorer.usgs.gov/browse-link/12864/LC81510362013152LGN01
LC08_L1TP_151036_20130516_20170504_01_T1,LC81510362013136LGN02,2013/05/16,T1,1, 151, 036, 151, 036,NADIR,-.001,2017/05/04,2013:136:05:49:53.5583650,2013:136:05:50:23.3543850,LGN,DAY,1.62,1.62,397,4,7.939,4.817,6.311,9,LPGS_2.7.0,66.58433225,126.23559874,ACTUAL,OLI_TIRS_L1TP,OLI_TIRS,14521,14941,7261,7471,7261,7471,UTM,42,WGS84,WGS84,15,30,30,LO8BPF20130516053652_20130516061346.01,LT8BPF20130516053258_20130516061438.01,LC08CPF_20130401_20130627_01.01,LC08RLUT_20130211_20150302_01_11.h5,34°36'38.74"N,71°42'58.54"E,35°36'02.41"N,70°55'25.86"E,35°12'40.03"N,72°57'30.24"E,33°59'45.28"N,70°29'25.08"E,33°36'23.80"N,72°29'08.95"E,34.61076,71.71626,35.60067,70.92385,35.21112,72.9584,33.99591,70.4903,33.60661,72.48582,LC08_L1TP_151036_20130516_20170504_01_T1,LC81510362013136LGN02,https://earthexplorer.usgs.gov/browse-link/12864/LC81510362013136LGN02
LC08_L1TP_151036_20130414_20170505_01_T1,LC81510362013104LGN02,2013/04/14,T1,1, 151, 036, 151, 036,NADIR,-.001,2017/05/05,2013:104:05:49:43.4577040,2013:104:05:50:13.2537240,LGN,DAY,2.91,2.91,375,4,7.602,5.229,5.517,9,LPGS_2.7.0,58.4553059,137.89954963,ACTUAL,OLI_TIRS_L1TP,OLI_TIRS,14521,14941,7261,7471,7261,7471,UTM,42,WGS84,WGS84,15,30,30,LO8BPF20130414054016_20130414055427.01,LT8BPF20130414053622_20130414055519.01,LC08CPF_20130401_20130627_01.01,LC08RLUT_20130211_20150302_01_11.h5,34°36'37.91"N,71°44'50.89"E,35°36'02.88"N,70°57'22.50"E,35°12'38.74"N,72°59'21.66"E,33°59'44.95"N,70°31'18.23"E,33°36'21.71"N,72°30'57.13"E,34.61053,71.74747,35.6008,70.95625,35.21076,72.98935,33.99582,70.52173,33.60603,72.51587,LC08_L1TP_151036_20130414_20170505_01_T1,LC81510362013104LGN02,https://earthexplorer.usgs.gov/browse-link/12864/LC81510362013104LGN02
